Modelo,Marca,Ano,Quilometragem,Preço
RENAULT FLUENCE SEDAN GT LINE 2.0 FLEX AUT.,RENAULT,2014,80000,R$ 45.900
GM - CHEVROLET ONIX HATCH LTZ 1.4 8V FLEXPOWER 5P AUT.,GM - CHEVROLET,2016,42000,R$ 49.500
KIA MOTORS CERATO 1.6 16V  FLEX  AUT.,KIA MOTORS,2014,63000,R$ 47.900
CITROEN C4 LOUNGE TENDANCE 2.0 FLEX 4P AUT.,CITROEN,2014,123,R$ 43.900
FORD FOCUS 2.0 16V/SE/SE PLUS FLEX 5P AUT.,FORD,2015,42000,R$ 46.000
TOYOTA COROLLA XEI 2.0 FLEX 16V AUT.,TOYOTA,2020,0,R$ 0
GM - CHEVROLET SPIN LT 1.8 8V ECONO.FLEX 5P AUT.,GM - CHEVROLET,2016,48000,R$ 46.900
PEUGEOT 208 ALLURE 1.6 FLEX 16V 5P AUT.,PEUGEOT,2017,7000,R$ 52.000
HYUNDAI TUCSON 2.0 16V AUT.,HYUNDAI,2016,57000,R$ 49.900
VW - VOLKSWAGEN GOL I MOTION TRENDLINE 1.6 T. FLEX 8V 5P,VW - VOLKSWAGEN,2014,52000,R$ 32.500
FORD FOCUS SED. TI./TI.PLUS 2.0 16V FLEX  AUT,FORD,2015,56000,R$ 52.900
GM - CHEVROLET CAMARO SS CONVERSÍVEL 6.2 V8 16V,GM - CHEVROLET,2020,0,R$ 0
VW - VOLKSWAGEN VOYAGE I MOTION COMF/HGHLI.1.6 T.FLEX 8V,VW - VOLKSWAGEN,2015,63000,R$ 35.900
HONDA FIT CX 1.4 FLEX 16V 5P AUT.,HONDA,2014,70500,R$ 39.000
RENAULT FLUENCE SED. DYN. PLUS 2.0 16V FLEX AUT.,RENAULT,2015,0,R$ 39.900
JEEP COMPASS SPORT 2.0 4X4 FLEX 16V AUT.,JEEP,2018,26000,R$ 0
GM - CHEVROLET CRUZE LT 1.8 16V FLEXPOWER 4P AUT.,GM - CHEVROLET,2014,94,R$ 45.900
GM - CHEVROLET COBALT ADVANTAGE 1.8 8V ECO.FLEX 4P AUT.,GM - CHEVROLET,2014,74000,R$ 43.900
TOYOTA COROLLA,TOYOTA,2015,36692,R$ 48.500
GM - CHEVROLET CRUZE LT 1.8 16V FLEXPOWER 4P AUT.,GM - CHEVROLET,2014,69000,R$ 53.500
FORD FOCUS FASTBACK SE/SE PLUS 2.0 FLEX AUT.,FORD,2016,76250,R$ 53.900
FIAT PALIO WEEK. ADV. DUALOGIC 1.8 FLEX,FIAT,2017,57000,R$ 50.000
HONDA FIT EXL 1.5 FLEX/FLEXONE 16V 5P AUT,HONDA,2015,59000,R$ 54.000
FORD FOCUS 1.6 S/1.6 SE FLEX 16V 5P AUT,FORD,2015,73000,R$ 46.990
CITROEN C3 PICASSO TENDANCE 1.6 FLEX 16V 5P AUT.,CITROEN,2015,66000,R$ 37.283
HYUNDAI HB20 COMFORT PLUS 1.0 TB FLEX 12V MEC.,HYUNDAI,2017,0,R$ 0
HONDA FIT,HONDA,2014,52664,R$ 33.500
FIAT SIENA ESSENCE DUALOGIC 1.6 FLEX 16V 4P,FIAT,2014,115,R$ 33.900
GM - CHEVROLET ONIX HATCH LT 1.4 8V FLEXPOWER 5P AUT.,GM - CHEVROLET,2017,46185,R$ 49.990
RENAULT DUSTER DYNAMIQUE 2.0  HI-FLEX 16V AUT.,RENAULT,2015,48000,R$ 50.900
JEEP COMPASS LIMITED 2.0 4X4 DIESEL 16V AUT.,JEEP,2019,37000,R$ 0
VW - VOLKSWAGEN POLO HIGHLINE 200 TSI 1.0 FLEX 12V AUT.,VW - VOLKSWAGEN,2018,75377,R$ 40.000
PEUGEOT 408 SEDAN GRIFFE 1.6 TB FLEX 16V 4P AUT.,PEUGEOT,2015,75000,R$ 46.000
VW - VOLKSWAGEN UP! CROSS I MOTION 1.0 T.FLEX 12V 5P,VW - VOLKSWAGEN,2017,67000,R$ 44.000
HYUNDAI HB20 C./C.PLUS/C.STYLE 1.6 FLEX 16V MEC.,HYUNDAI,2014,78000,R$ 35.000
MITSUBISHI L200 TRITON HPE 3.2 CD TB INT.DIESEL AUT,MITSUBISHI,2015,51700,R$ 0
NISSAN VERSA SV 1.6 16V FLEXSTART 4P AUT.,NISSAN,2017,60000,R$ 53.900
TOYOTA ETIOS X SEDAN 1.5 FLEX 16V 4P AUT.,TOYOTA,2018,37500,R$ 54.788
FORD FOCUS SEDAN 1.6 16V FLEX 4P AUT.,FORD,2014,65000,R$ 46.900
HYUNDAI TUCSON 2.0 16V FLEX AUT.,HYUNDAI,2016,62500,R$ 50.000
HONDA FIT CX 1.4 FLEX 16V 5P AUT.,HONDA,2014,75000,R$ 45.000
GM - CHEVROLET PRISMA SED. LT 1.4 8V FLEXPOWER 4P AUT.,GM - CHEVROLET,2015,62000,R$ 44.900
GM - CHEVROLET CRUZE LT 1.8 16V FLEXPOWER 4P AUT.,GM - CHEVROLET,2014,71000,R$ 53.500
FIAT UNO WAY 1.4 EVO DUALOGIC FLEX 8V 5P,FIAT,2016,76000,R$ 30.000
FORD FOCUS SEDAN 2.0 16V/2.0 16V FLEX 4P AUT.,FORD,2015,75000,R$ 52.000
PEUGEOT 3008 GRIFFE 1.6 TURBO 16V 5P AUT.,PEUGEOT,2014,60000,R$ 45.000
FIAT PALIO SPORTING DUAL. B.EDIT. 1.6 FLEX 5P,FIAT,2016,47000,R$ 46.900
PEUGEOT 208 GRIFFE 1.6 FLEX 16V 5P AUT.,PEUGEOT,2014,49000,R$ 44.900
FORD FOCUS SED. TI./TI.PLUS 2.0 16V FLEX  AUT,FORD,2014,79813,R$ 55.000
RENAULT SANDERO PRIVILÈGE HI-FLEX 1.6 16V 5P AUT,RENAULT,2014,32000,R$ 36.000
RENAULT FLUENCE SEDAN GT LINE 2.0 FLEX AUT.,RENAULT,2014,80000,R$ 45.900
GM - CHEVROLET ONIX HATCH LTZ 1.4 8V FLEXPOWER 5P AUT.,GM - CHEVROLET,2016,42000,R$ 49.500
KIA MOTORS CERATO 1.6 16V  FLEX  AUT.,KIA MOTORS,2014,63000,R$ 47.900
CITROEN C4 LOUNGE TENDANCE 2.0 FLEX 4P AUT.,CITROEN,2014,123,R$ 43.900
FORD FOCUS 2.0 16V/SE/SE PLUS FLEX 5P AUT.,FORD,2015,42000,R$ 46.000
TOYOTA COROLLA XEI 2.0 FLEX 16V AUT.,TOYOTA,2020,0,R$ 0
GM - CHEVROLET SPIN LT 1.8 8V ECONO.FLEX 5P AUT.,GM - CHEVROLET,2016,48000,R$ 46.900
PEUGEOT 208 ALLURE 1.6 FLEX 16V 5P AUT.,PEUGEOT,2017,7000,R$ 52.000
HYUNDAI TUCSON 2.0 16V AUT.,HYUNDAI,2016,57000,R$ 49.900
VW - VOLKSWAGEN GOL I MOTION TRENDLINE 1.6 T. FLEX 8V 5P,VW - VOLKSWAGEN,2014,52000,R$ 32.500
FORD FOCUS SED. TI./TI.PLUS 2.0 16V FLEX  AUT,FORD,2015,56000,R$ 52.900
GM - CHEVROLET CAMARO SS CONVERSÍVEL 6.2 V8 16V,GM - CHEVROLET,2020,0,R$ 0
VW - VOLKSWAGEN VOYAGE I MOTION COMF/HGHLI.1.6 T.FLEX 8V,VW - VOLKSWAGEN,2015,63000,R$ 35.900
HONDA FIT CX 1.4 FLEX 16V 5P AUT.,HONDA,2014,70500,R$ 39.000
RENAULT FLUENCE SED. DYN. PLUS 2.0 16V FLEX AUT.,RENAULT,2015,0,R$ 39.900
JEEP COMPASS SPORT 2.0 4X4 FLEX 16V AUT.,JEEP,2018,26000,R$ 0
GM - CHEVROLET CRUZE LT 1.8 16V FLEXPOWER 4P AUT.,GM - CHEVROLET,2014,94,R$ 45.900
GM - CHEVROLET COBALT ADVANTAGE 1.8 8V ECO.FLEX 4P AUT.,GM - CHEVROLET,2014,74000,R$ 43.900
TOYOTA COROLLA,TOYOTA,2015,36692,R$ 48.500
GM - CHEVROLET CRUZE LT 1.8 16V FLEXPOWER 4P AUT.,GM - CHEVROLET,2014,69000,R$ 53.500
FORD FOCUS FASTBACK SE/SE PLUS 2.0 FLEX AUT.,FORD,2016,76250,R$ 53.900
FIAT PALIO WEEK. ADV. DUALOGIC 1.8 FLEX,FIAT,2017,57000,R$ 50.000
HONDA FIT EXL 1.5 FLEX/FLEXONE 16V 5P AUT,HONDA,2015,59000,R$ 54.000
FORD FOCUS 1.6 S/1.6 SE FLEX 16V 5P AUT,FORD,2015,73000,R$ 46.990
CITROEN C3 PICASSO TENDANCE 1.6 FLEX 16V 5P AUT.,CITROEN,2015,66000,R$ 37.283
HYUNDAI HB20 COMFORT PLUS 1.0 TB FLEX 12V MEC.,HYUNDAI,2017,0,R$ 0
HONDA FIT,HONDA,2014,52664,R$ 33.500
FIAT SIENA ESSENCE DUALOGIC 1.6 FLEX 16V 4P,FIAT,2014,115,R$ 33.900
GM - CHEVROLET ONIX HATCH LT 1.4 8V FLEXPOWER 5P AUT.,GM - CHEVROLET,2017,46185,R$ 49.990
RENAULT DUSTER DYNAMIQUE 2.0  HI-FLEX 16V AUT.,RENAULT,2015,48000,R$ 50.900
JEEP COMPASS LIMITED 2.0 4X4 DIESEL 16V AUT.,JEEP,2019,37000,R$ 0
VW - VOLKSWAGEN POLO HIGHLINE 200 TSI 1.0 FLEX 12V AUT.,VW - VOLKSWAGEN,2018,75377,R$ 40.000
PEUGEOT 408 SEDAN GRIFFE 1.6 TB FLEX 16V 4P AUT.,PEUGEOT,2015,75000,R$ 46.000
VW - VOLKSWAGEN UP! CROSS I MOTION 1.0 T.FLEX 12V 5P,VW - VOLKSWAGEN,2017,67000,R$ 44.000
HYUNDAI HB20 C./C.PLUS/C.STYLE 1.6 FLEX 16V MEC.,HYUNDAI,2014,78000,R$ 35.000
MITSUBISHI L200 TRITON HPE 3.2 CD TB INT.DIESEL AUT,MITSUBISHI,2015,51700,R$ 0
NISSAN VERSA SV 1.6 16V FLEXSTART 4P AUT.,NISSAN,2017,60000,R$ 53.900
TOYOTA ETIOS X SEDAN 1.5 FLEX 16V 4P AUT.,TOYOTA,2018,37500,R$ 54.788
FORD FOCUS SEDAN 1.6 16V FLEX 4P AUT.,FORD,2014,65000,R$ 46.900
HYUNDAI TUCSON 2.0 16V FLEX AUT.,HYUNDAI,2016,62500,R$ 50.000
HONDA FIT CX 1.4 FLEX 16V 5P AUT.,HONDA,2014,75000,R$ 45.000
GM - CHEVROLET PRISMA SED. LT 1.4 8V FLEXPOWER 4P AUT.,GM - CHEVROLET,2015,62000,R$ 44.900
GM - CHEVROLET CRUZE LT 1.8 16V FLEXPOWER 4P AUT.,GM - CHEVROLET,2014,71000,R$ 53.500
FIAT UNO WAY 1.4 EVO DUALOGIC FLEX 8V 5P,FIAT,2016,76000,R$ 30.000
FORD FOCUS SEDAN 2.0 16V/2.0 16V FLEX 4P AUT.,FORD,2015,75000,R$ 52.000
PEUGEOT 3008 GRIFFE 1.6 TURBO 16V 5P AUT.,PEUGEOT,2014,60000,R$ 45.000
FIAT PALIO SPORTING DUAL. B.EDIT. 1.6 FLEX 5P,FIAT,2016,47000,R$ 46.900
PEUGEOT 208 GRIFFE 1.6 FLEX 16V 5P AUT.,PEUGEOT,2014,49000,R$ 44.900
FORD FOCUS SED. TI./TI.PLUS 2.0 16V FLEX  AUT,FORD,2014,79813,R$ 55.000
RENAULT SANDERO PRIVILÈGE HI-FLEX 1.6 16V 5P AUT,RENAULT,2014,32000,R$ 36.000
GM - CHEVROLET ONIX SED. PLUS PREM. 1.0 12V TB FLEX AUT,GM - CHEVROLET,2020,10000,R$ 0
HONDA FIT CX 1.4 FLEX 16V 5P AUT.,HONDA,2014,70000,R$ 42.800
HYUNDAI HB20 C.STYLE/C.PLUS 1.6 FLEX 16V AUT.,HYUNDAI,2015,46728,R$ 41.900
GM - CHEVROLET TRACKER PREMIER 1.2 TURBO 12V FLEX AUT,GM - CHEVROLET,2021,0,R$ 0
FORD FOCUS 1.6 S/1.6 SE FLEX 16V 5P AUT,FORD,2014,1,R$ 49.900
TOYOTA COROLLA GLI 1.8 FLEX 16V  AUT.,TOYOTA,2014,65000,R$ 23.900
KIA MOTORS PICANTO,KIA MOTORS,2014,57000,R$ 28.900
CITROEN C3 EXCL./EXCL.SOLAR./SONORA 1.6 FLEX AUT,CITROEN,2014,51000,R$ 35.900
FORD FIESTA,FORD,2015,39000,R$ 41.900
CITROEN C4 LOUNGE EXCLUSIVE 1.6 TURBO FLEX AUT.,CITROEN,2016,60000,R$ 54.000
CITROEN C3 PICASSO EXCL. 1.6 FLEX 16V 5P AUT.,CITROEN,2015,51662,R$ 39.900
CITROEN C4 LOUNGE EXCLUSIVE 1.6 TURBO 4P AUT.,CITROEN,2014,71000,R$ 49.900
FORD FIESTA SE PLUS DIRECT 1.6 16V FLEX AUT.,FORD,2017,55000,R$ 49.980
TOYOTA COROLLA XEI 2.0 FLEX 16V AUT.,TOYOTA,2019,31000,R$ 0
FORD FOCUS TITA/TITA PLUS 2.0  FLEX 5P AUT.,FORD,2015,0,R$ 45.410
HONDA FIT LX 1.4/ 1.4 FLEX 8V/16V 5P AUT.,HONDA,2014,66217,R$ 38.900
HONDA FIT EX/S/EX 1.5 FLEX/FLEXONE 16V 5P AUT.,HONDA,2015,65000,R$ 55.000
RENAULT SANDERO,RENAULT,2014,76600,R$ 39.900
RENAULT SANDERO EXPRESSION HI-POWER 1.6 8V 5P,RENAULT,2015,69000,R$ 35.900
HYUNDAI TUCSON 2.0 16V FLEX AUT.,HYUNDAI,2014,79000,R$ 47.900
HONDA WR-V EXL 1.5 FLEXONE 16V 5P AUT.,HONDA,2018,26000,R$ 0
FORD FOCUS 1.6 S/SE/SE PLUS FLEX 8V/16V  5P,FORD,2015,62,R$ 48.000
CHERY TIGGO 2.0 16V AUT. 5P,CHERY,2015,70000,R$ 39.500
GM - CHEVROLET TRACKER PREMIER 1.4 TURBO 16V FLEX AUT,GM - CHEVROLET,2018,33000,R$ 0
MITSUBISHI LANCER 2.0 16V 160CV AUT.,MITSUBISHI,2014,50700,R$ 47.500
FORD SE 1.6 POWERSHIFT AUT.,FORD,2015,77800,R$ 39.800
GM - CHEVROLET PRISMA SED. LTZ 1.4 8V FLEXPOWER 4P AUT.,GM - CHEVROLET,2014,65000,R$ 44.900
GM - CHEVROLET COBALT ELITE 1.8 8V ECONO.FLEX 4P AUT.,GM - CHEVROLET,2018,48000,R$ 50.000
HYUNDAI HB20S PREMIUM 1.6 FLEX 16V AUT. 4P,HYUNDAI,2015,1,R$ 0
CITROEN C3,CITROEN,2016,25249,R$ 45.000
CITROEN C4 LOUNGE S 1.6 TURBO FLEX AUT.,CITROEN,2017,78000,R$ 52.900
CITROEN C3 PICASSO TENDANCE 1.6 FLEX 16V 5P AUT.,CITROEN,2015,64000,R$ 37.000
FORD FOCUS TITA/TITA PLUS 2.0  FLEX 5P AUT.,FORD,2014,69650,R$ 54.000
HONDA WR-V EXL 1.5 FLEXONE 16V 5P AUT.,HONDA,2020,8500,R$ 0
RENAULT DUSTER DYNAMIQUE 2.0  HI-FLEX 16V AUT.,RENAULT,2014,73000,R$ 42.000
GM - CHEVROLET ONIX HATCH LTZ 1.4 8V FLEXPOWER 5P AUT.,GM - CHEVROLET,2015,1,R$ 45.990
SUZUKI SX4 2.0 16V 145CV 4WD 5P AUT.,SUZUKI,2014,65000,R$ 41.000
CITROEN AIRCROSS FEEL 1.6 FLEX 16V 5P AUT.,CITROEN,2016,64018,R$ 50.900
GM - CHEVROLET CRUZE LT 1.8 16V FLEXPOWER 4P AUT.,GM - CHEVROLET,2014,80000,R$ 52.900
VW - VOLKSWAGEN SPACEFOX COMF. I MOTION 1.6 FLEX 8V 5P,VW - VOLKSWAGEN,2016,73000,R$ 45.950
PEUGEOT 408 SEDAN ALLURE 2.0 FLEX 16V 4P AUT.,PEUGEOT,2016,69856,R$ 52.900
FORD 1.6 SE HATCH 16V FLEX 4P POWERSHIFT,FORD,2015,79000,R$ 40.990
GM - CHEVROLET TRACKER PREMIER 1.4 TURBO 16V FLEX AUT,GM - CHEVROLET,2019,13000,R$ 0
FIAT 500 SPORT AIR 1.4 16V/1.4 FLEX 16V AUT.,FIAT,2014,56133,R$ 45.900
FORD ECOSPORT XLT FREESTYLE 2.0 FLEX 16V 5P,FORD,2015,47000,R$ 52.000
RENAULT SANDERO STEPWAY HI-FLEX 1.6 16V 5P AUT.,RENAULT,2014,54670,R$ 35.890
FORD FIESTA 1.6 16V FLEX AUT. 5P,FORD,2014,96,R$ 37.500
GM - CHEVROLET PRISMA SED. LT 1.4 8V FLEXPOWER 4P,GM - CHEVROLET,2017,47000,R$ 54.900
HYUNDAI HB20X STYLE 1.6 FLEX 16V AUT.,HYUNDAI,2014,0,R$ 47.900
HYUNDAI HB20S PREMIUM 1.6 FLEX 16V AUT. 4P,HYUNDAI,2014,75000,R$ 45.900
GM - CHEVROLET SPIN LT 1.8 8V ECONO.FLEX 5P AUT.,GM - CHEVROLET,2014,68000,R$ 45.900
FIAT LINEA ABSOLUTE 1.9/1.8 FLEX DUALOGIC 4P,FIAT,2016,56000,R$ 42.900
RENAULT SANDERO STEPWAY HI-POWER 1.6 8V 5P,RENAULT,2015,61000,R$ 42.900
HYUNDAI HB20S PREMIUM 1.6 FLEX 16V AUT. 4P,HYUNDAI,2016,58000,R$ 54.990
GM - CHEVROLET CRUZE LT 1.8 16V FLEXPOWER 4P AUT.,GM - CHEVROLET,2014,74000,R$ 55.000
FORD 1.6 SE HATCH 16V FLEX 4P POWERSHIFT,FORD,2016,30000,R$ 46.900
HYUNDAI TUCSON 2.0 16V AUT.,HYUNDAI,2015,74000,R$ 49.900
HONDA FIT CX 1.4 FLEX 16V 5P AUT.,HONDA,2014,77000,R$ 44.900
PEUGEOT 208 GRIFFE 1.6 FLEX 16V 5P AUT.,PEUGEOT,2014,46826,R$ 36.500
NISSAN MARCH SL 1.6 16V FLEXSTART 5P AUT.,NISSAN,2018,27000,R$ 54.000
FORD KA 1.5 SE 12V FLEX 5P AUT.,FORD,2019,39672,R$ 53.000
HYUNDAI 2.0 MPFI GLS 16V 143CV 2WD FLEX 4P AUT,HYUNDAI,2015,0,R$ 47.900
PEUGEOT 2008 ALLURE 1.6 FLEX 16V 5P AUT.,PEUGEOT,2017,49000,R$ 51.990
HYUNDAI HB20 C.STYLE/C.PLUS 1.6 FLEX 16V AUT.,HYUNDAI,2014,72000,R$ 43.900
FORD FIESTA TIT./TIT.PLUS 1.6 16V FLEX AUT.,FORD,2016,41089,R$ 53.900
FORD FIESTA SE PLUS 1.6 16V FLEX AUT. 5P,FORD,2018,60000,R$ 49.900
HYUNDAI HB20S C.STYLE/C.PLUS1.6 FLEX 16V AUT. 4P,HYUNDAI,2015,70,R$ 45.900
PEUGEOT 2008 GRIFFE 1.6 FLEX 16V 5P AUT.,PEUGEOT,2016,70000,R$ 53.500
CITROEN C3 PICASSO TENDANCE 1.6 FLEX 16V 5P AUT.,CITROEN,2015,40000,R$ 37.000
VW - VOLKSWAGEN CROSSFOX I MOTION 1.6 MI T. FLEX 8V 5P,VW - VOLKSWAGEN,2014,64303,R$ 43.900
RENAULT FLUENCE SED. DYNAMIQUE 2.0 16V FLEX AUT.,RENAULT,2016,56000,R$ 38.000
HYUNDAI HB20X PREMIUM 1.6 FLEX 16V AUT.,HYUNDAI,2016,37000,R$ 54.900
FORD KA 1.5 SEDAN SE PLUS 12V FLEX 4P AUT.,FORD,2020,20000,R$ 50.200
GM - CHEVROLET ONIX SED. PLUS PREM. 1.0 12V TB FLEX AUT,GM - CHEVROLET,2020,17000,R$ 0
HYUNDAI TUCSON 2.0 16V FLEX AUT.,HYUNDAI,2014,72000,R$ 49.900
NISSAN VERSA SV 1.6 16V FLEXSTART 4P AUT.,NISSAN,2018,71000,R$ 52.900
FORD ECOSPORT SE 2.0 16V FLEX 5P AUT.,FORD,2015,39000,R$ 52.000
HYUNDAI TUCSON 2.0 16V FLEX AUT.,HYUNDAI,2015,68000,R$ 47.900
GM - CHEVROLET COBALT LTZ 1.4 8V FLEXPOWER/ECONOFLEX 4P,GM - CHEVROLET,2016,51000,R$ 49.500
GM - CHEVROLET ONIX HATCH LT 1.4 8V FLEXPOWER 5P AUT.,GM - CHEVROLET,2017,0,R$ 47.900
HONDA CIVIC SEDAN LXS 1.8/1.8 FLEX 16V AUT. 4P,HONDA,2014,72300,R$ 54.990
HYUNDAI HB20X STYLE 1.6 FLEX 16V AUT.,HYUNDAI,2014,57000,R$ 42.000
CITROEN AIRCROSS EXCLUSIVE 1.6 FLEX 16V 5P AUT.,CITROEN,2015,34000,R$ 43.900
GM - CHEVROLET TRACKER LTZ 1.0 TURBO 12V FLEX AUT,GM - CHEVROLET,2021,0,R$ 0
PEUGEOT 408 SEDAN ALLURE 2.0 FLEX 16V 4P AUT.,PEUGEOT,2016,50000,R$ 47.000
FORD FOCUS SEDAN 2.0 16V/2.0 16V FLEX 4P AUT.,FORD,2014,69000,R$ 39.900
VW - VOLKSWAGEN SPACEFOX COMF. I MOTION 1.6 FLEX 8V 5P,VW - VOLKSWAGEN,2016,150,R$ 43.900
FIAT PUNTO ESSENCE DUALOGIC 1.6 FLEX 16V 5P,FIAT,2015,64000,R$ 31.000
KIA MOTORS PICANTO EX 1.1/1.0/ 1.0 FLEX AUT.,KIA MOTORS,2014,46473,R$ 41.990
MERCEDES-BENZ CLA-200 FIRST EDITION 1.6 TB 16V  AUT.,MERCEDES-BENZ,2014,0,R$ 0
GM - CHEVROLET S10 P-UP H.COUNTRY 2.8 4X4 CD DIES.AUT.,GM - CHEVROLET,2018,37000,R$ 0
GM - CHEVROLET COBALT LTZ 1.8 8V ECONO.FLEX 4P AUT.,GM - CHEVROLET,2016,60000,R$ 53.900
GM - CHEVROLET HATCH PREM. 1.0 12V TB FLEX 5P AUT,GM - CHEVROLET,2020,43000,R$ 49.000
FORD ECOSPORT FREESTYLE 2.0 16V FLEX 5P AUT.,FORD,2015,64000,R$ 52.900
TOYOTA COROLLA GLI 1.8 FLEX 16V  AUT.,TOYOTA,2021,3047,R$ 0
GM - CHEVROLET SPIN LT 1.8 8V ECONO.FLEX 5P AUT.,GM - CHEVROLET,2014,68000,R$ 45.900
FORD FIESTA SEL STYLE 1.0 ECOBOOST AUT . 5P,FORD,2018,43000,R$ 54.900
HYUNDAI HB20 C.STYLE/C.PLUS 1.6 FLEX 16V AUT.,HYUNDAI,2016,79800,R$ 47.200
RENAULT LOGAN EXPRES. EASYR HI-FLEX 1.6 8V,RENAULT,2018,54064,R$ 38.990
HYUNDAI HB20 C.STYLE/C.PLUS 1.6 FLEX 16V AUT.,HYUNDAI,2015,58000,R$ 42.800
HYUNDAI HB20S C.STYLE/C.PLUS1.6 FLEX 16V AUT. 4P,HYUNDAI,2015,0,R$ 44.800
FIAT BRAVO ESSENCE DUALOGIC 1.8 FLEX 16V 5P,FIAT,2016,48107,R$ 41.990
TOYOTA HILUX SW4 SRX 4X4 2.8 TDI 16V DIES. AUT.,TOYOTA,2021,7000,R$ 0
NISSAN SENTRA SL 2.0 FLEXSTART 16V AUT.,NISSAN,2014,130,R$ 49.900
PEUGEOT 408 SED. BUSINESS 1.6 TB FLEX 16V 4P AUT,PEUGEOT,2017,37000,R$ 48.000
HYUNDAI HB20X PREMIUM 1.6 FLEX 16V AUT.,HYUNDAI,2014,80000,R$ 44.900
TOYOTA ETIOS,TOYOTA,2017,29787,R$ 47.900
FORD ECOSPORT SE 2.0 16V FLEX 5P AUT.,FORD,2016,65000,R$ 54.900
CITROEN C4 LOUNGE TENDANCE 2.0 FLEX 4P AUT.,CITROEN,2014,79000,R$ 42.000
CITROEN C4 LOUNGE TENDANCE 2.0 FLEX 4P AUT.,CITROEN,2014,51000,R$ 41.999
JEEP COMPASS SPORT 2.0 16V 156CV 5P,JEEP,2014,77000,R$ 50.000
LIFAN X60 VIP 1.8 16V 128CV 5P AUT.,LIFAN,2018,57000,R$ 54.900
GM - CHEVROLET COBALT LTZ 1.8 8V ECONO.FLEX 4P AUT.,GM - CHEVROLET,2015,130,R$ 37.500
FORD FOCUS SEDAN 2.0 16V/2.0 16V FLEX 4P AUT.,FORD,2015,68000,R$ 48.900
FORD KA+ SEDAN 1.0 SEL TICVT FLEX 4P,FORD,2019,41813,R$ 48.900
FORD FOCUS SEDAN 2.0 16V/2.0 16V FLEX 4P AUT.,FORD,2014,80000,R$ 45.900
FORD FIESTA SEDAN SE 1.6 8V FLEX 4P,FORD,2015,0,R$ 39.900
CITROEN AIRCROSS FEEL 1.6 FLEX 16V 5P AUT.,CITROEN,2016,64314,R$ 50.900
FORD FIESTA TIT./TIT.PLUS 1.6 16V FLEX AUT.,FORD,2015,77000,R$ 45.900
FORD TITANIUM 1.6 POWERSHIFT AUT.,FORD,2015,44000,R$ 43.000
HONDA FIT EXL 1.5 FLEX/FLEXONE 16V 5P AUT,HONDA,2015,75000,R$ 55.000
GM - CHEVROLET ONIX HATCH LTZ 1.4 8V FLEXPOWER 5P AUT.,GM - CHEVROLET,2016,66116,R$ 54.500
NISSAN VERSA SV 1.6 16V FLEXSTART 4P AUT.,NISSAN,2018,63,R$ 48.900
GM - CHEVROLET CAPTIVA SPORT FWD 2.4 16V 171/185CV,GM - CHEVROLET,2014,75000,R$ 54.900
VW - VOLKSWAGEN UP! MOVE I MOTION 1.0 T. FLEX 12V 5P,VW - VOLKSWAGEN,2018,35785,R$ 46.990
VW - VOLKSWAGEN SPACEFOX HIGHLINE I MOT. 1.6 T.FLEX 16V,VW - VOLKSWAGEN,2016,73134,R$ 53.900
FIAT GRAND SIENA ESSENCE DUAL. 1.6 FLEX 16V,FIAT,2015,27000,R$ 38.900
GM - CHEVROLET CRUZE HB SPORT LT 1.8 16V FLEXP. 5P AUT,GM - CHEVROLET,2014,44000,R$ 53.500
GM - CHEVROLET SPIN LTZ 1.8 8V ECONO.FLEX 5P AUT.,GM - CHEVROLET,2014,192,R$ 40.000
NISSAN SV 2.0 16V CVT (FLEX),NISSAN,2014,78731,R$ 49.990
NISSAN VERSA SV 1.6 16V FLEXSTART 4P AUT.,NISSAN,2018,71000,R$ 52.900
HONDA FIT,HONDA,2015,59651,R$ 51.800
NISSAN MARCH SL 1.6 16V FLEXSTART 5P AUT.,NISSAN,2017,46272,R$ 47.900
FORD FIESTA TIT./TIT.PLUS 1.6 16V FLEX AUT.,FORD,2015,69293,R$ 42.500
FORD FOCUS 2.0 16V/SE/SE PLUS FLEX 5P AUT.,FORD,2015,52000,R$ 49.950
CITROEN C4 LOUNGE TENDANCE 1.6 TURBO FLEX AUT.,CITROEN,2015,78000,R$ 41.900
CITROEN C3 TENDANCE 1.6 VTI FLEX START 16V AUT.,CITROEN,2015,42333,R$ 39.990
RENAULT FLUENCE SED. DYNAMIQUE 2.0 16V FLEX MEC.,RENAULT,2016,80000,R$ 50.000
FORD FOCUS 1.6 S/1.6 SE FLEX 16V 5P AUT,FORD,2014,70000,R$ 49.900
FIAT UNO SPORTING DUAL./GSR 1.3 FLEX 8V 5P,FIAT,2018,16000,R$ 49.900
NISSAN SENTRA SL 2.0/ 2.0 FLEX FUEL 16V AUT.,NISSAN,2014,48000,R$ 47.900
VW - VOLKSWAGEN FOX COMFORTLINE I MOTION 1.6 FLEX 8V 5P,VW - VOLKSWAGEN,2017,26000,R$ 47.500
GM - CHEVROLET COBALT ELITE 1.8 8V ECONO.FLEX 4P AUT.,GM - CHEVROLET,2019,45000,R$ 0
FORD FIESTA TIT./TIT.PLUS 1.6 16V FLEX AUT.,FORD,2015,54000,R$ 46.000
FIAT GRAND SIENA ESSENCE DUAL. 1.6 FLEX 16V,FIAT,2016,63000,R$ 39.900
PEUGEOT 2008 GRIFE 1.6 TURBO FLEX 16V 5P AUT,PEUGEOT,2017,79000,R$ 52.900
GM - CHEVROLET COBALT,GM - CHEVROLET,2017,0,R$ 50.000
CITROEN C3 ATTRACTION 1.6 FLEX 16V 5P AUT.,CITROEN,2019,42944,R$ 53.900
FIAT PUNTO BLACKMOTION DUAL. 1.8 FLEX 16V 5P,FIAT,2016,59000,R$ 48.900
CITROEN AIRCROSS EXCLUSIVE 1.6 FLEX 16V 5P AUT.,CITROEN,2015,57000,R$ 40.900
PEUGEOT 2008,PEUGEOT,2016,71000,R$ 54.990
GM - CHEVROLET ONIX HATCH LTZ 1.4 8V FLEXPOWER 5P AUT.,GM - CHEVROLET,2017,55000,R$ 54.500
GM - CHEVROLET SPIN LT 1.8 8V ECONO.FLEX 5P AUT.,GM - CHEVROLET,2014,68000,R$ 45.900
MITSUBISHI ECLIPSE CROSS HPE-S 1.5 16V 165CV AUT.,MITSUBISHI,2020,0,R$ 0
KIA MOTORS PICANTO EX 1.1/1.0/ 1.0 FLEX AUT.,KIA MOTORS,2016,29002,R$ 48.900
GM - CHEVROLET HATCH LT 1.0 12V TB FLEX 5P AUT,GM - CHEVROLET,2018,77753,R$ 51.900
FORD FIESTA SEDAN 1.6 16V FLEX AUT.,FORD,2015,39570,R$ 43.900
HYUNDAI HB20 PREMIUM 1.6 FLEX 16V AUT.,HYUNDAI,2015,75000,R$ 45.900
GM - CHEVROLET COBALT LTZ 1.8 8V ECONO.FLEX 4P AUT.,GM - CHEVROLET,2014,1,R$ 39.900
FIAT LINEA ABSOLUTE 1.9/1.8 FLEX DUALOGIC 4P,FIAT,2016,72000,R$ 41.900
CITROEN C3 TENDANCE 1.6 VTI FLEX START 16V AUT.,CITROEN,2015,55000,R$ 35.990
FORD 1.6 SE HATCH 16V FLEX 4P POWERSHIFT,FORD,2017,40000,R$ 49.990
HYUNDAI HB20 C.STYLE/C.PLUS 1.6 FLEX 16V AUT.,HYUNDAI,2014,49300,R$ 46.900
HYUNDAI TUCSON 2.0 16V FLEX MEC.,HYUNDAI,2014,60000,R$ 48.500
RENAULT DUSTER DYNAMIQUE 2.0  HI-FLEX 16V AUT.,RENAULT,2014,1,R$ 43.900
FORD FIESTA TIT./TIT.PLUS 1.6 16V FLEX AUT.,FORD,2015,50000,R$ 46.900
FORD 1.6 SE HATCH 16V FLEX 4P POWERSHIFT,FORD,2015,56765,R$ 39.900
GM - CHEVROLET TRACKER PREMIER 1.2 TURBO 12V FLEX AUT,GM - CHEVROLET,2020,0,R$ 0
GM - CHEVROLET SPIN LTZ 1.8 8V ECONO.FLEX 5P AUT.,GM - CHEVROLET,2014,71000,R$ 47.900
FORD FIESTA SE PLUS 1.6 16V FLEX AUT. 5P,FORD,2018,44000,R$ 52.890
GM - CHEVROLET ONIX HATCH LT 1.4 8V FLEXPOWER 5P AUT.,GM - CHEVROLET,2018,41000,R$ 54.000
VW - VOLKSWAGEN VIRTUS HIGHLINE 200 TSI 1.0 FLEX 12V AUT,VW - VOLKSWAGEN,2020,22000,R$ 0
GM - CHEVROLET AGILE LTZ EASYTRONIC 1.4 8V FLEXPOWER 5P,GM - CHEVROLET,2014,63000,R$ 33.900
PEUGEOT 308 ALLURE 2.0 FLEX 16V 5P AUT.,PEUGEOT,2015,59000,R$ 45.800
PEUGEOT 208 GRIFFE 1.6 FLEX 16V 5P AUT.,PEUGEOT,2014,1,R$ 40.900
HONDA FIT LX 1.5 FLEXONE 16V 5P AUT.,HONDA,2015,54000,R$ 53.990
CITROEN C4 LOUNGE TENDANCE 2.0 FLEX 4P AUT.,CITROEN,2015,1,R$ 49.900
GM - CHEVROLET SONIC HB LTZ EFFECT 1.6 16V FLEXP 5P AUT,GM - CHEVROLET,2014,78500,R$ 39.900
FORD ECOSPORT TITANIUM 2.0 16V FLEX 5P AUT.,FORD,2014,80000,R$ 54.900
TOYOTA ETIOS XS 1.5 FLEX 16V 5P AUT.,TOYOTA,2017,44000,R$ 49.000
FIAT PUNTO ESSENCE 1.6 FLEX 16V 5P,FIAT,2015,47500,R$ 34.900
PEUGEOT 208 GRIFFE 1.6 FLEX 16V 5P AUT.,PEUGEOT,2017,78000,R$ 51.900
GM - CHEVROLET HATCH PREM. 1.0 12V TB FLEX 5P AUT,GM - CHEVROLET,2020,7900,R$ 0
CITROEN C3 TENDANCE 1.6 VTI FLEX START 16V AUT.,CITROEN,2018,14935,R$ 54.900
FORD FOCUS SEDAN 1.6 16V FLEX 4P AUT.,FORD,2014,100,R$ 49.900
CITROEN C3 TENDANCE 1.6 VTI FLEX START 16V AUT.,CITROEN,2017,44000,R$ 47.500
GM - CHEVROLET CAPTIVA SPORT FWD 2.4 16V 171/185CV,GM - CHEVROLET,2014,70000,R$ 52.000
FORD KA 1.5 SE PLUS 12V FLEX 5P AUT.,FORD,2019,20000,R$ 52.600
HYUNDAI HB20 C.STYLE/C.PLUS 1.6 FLEX 16V AUT.,HYUNDAI,2014,78000,R$ 40.500
RENAULT LOGAN EXPRESSION HI-FLEX 1.6 16V 4P AUT,RENAULT,2016,78312,R$ 37.990
HYUNDAI HB20 PREMIUM 1.6 FLEX 16V AUT.,HYUNDAI,2014,75000,R$ 42.500
FORD FIESTA TIT./TIT.PLUS 1.6 16V FLEX AUT.,FORD,2017,48166,R$ 54.900
HYUNDAI HB20X PREMIUM 1.6 FLEX 16V AUT.,HYUNDAI,2015,77000,R$ 45.400
FIAT TORO FREEDOM 1.8 16V FLEX AUT.,FIAT,2021,700,R$ 0
PEUGEOT 208 ACTIVE 1.6 FLEX 16V 5P AUT,PEUGEOT,2021,0,R$ 0
FIAT ARGO DRIVE GSR 1.3 8V FLEX,FIAT,2018,25600,R$ 51.890
HONDA FIT LX 1.4/ 1.4 FLEX 8V/16V 5P AUT.,HONDA,2014,58000,R$ 44.990
GM - CHEVROLET SONIC HB LT 1.6 16V FLEXPOWER 5P AUT.,GM - CHEVROLET,2014,0,R$ 14.000
RENAULT FLUENCE SED. DYNAMIQUE 2.0 16V FLEX AUT.,RENAULT,2015,72332,R$ 46.990
PEUGEOT 208 GRIFFE 1.6 FLEX 16V 5P AUT.,PEUGEOT,2015,54606,R$ 45.900
VW - VOLKSWAGEN CROSSFOX I MOTION 1.6 MI T. FLEX 8V 5P,VW - VOLKSWAGEN,2014,43000,R$ 39.900
HYUNDAI TUCSON 2.0 16V FLEX AUT.,HYUNDAI,2014,71289,R$ 47.900
HONDA FIT LX 1.5 FLEXONE 16V 5P AUT.,HONDA,2015,58000,R$ 52.800
FIAT PUNTO BLACKMOTION DUAL. 1.8 FLEX 16V 5P,FIAT,2015,49000,R$ 45.990
HYUNDAI HB20 PREMIUM 1.6 FLEX 16V AUT.,HYUNDAI,2015,77000,R$ 45.990
RENAULT SANDERO STEP. EASY R H-POWER 1.6 8V,RENAULT,2016,69000,R$ 43.900
HONDA CITY SEDAN LX 1.5 FLEX 16V 4P AUT.,HONDA,2015,75000,R$ 53.900
FORD FOCUS 2.0 16V/SE/SE PLUS FLEX 5P AUT.,FORD,2015,39700,R$ 52.900
TOYOTA ETIOS XLS 1.5 FLEX 5P AUT.,TOYOTA,2017,80000,R$ 52.900
HYUNDAI HB20S PREMIUM 1.6 FLEX 16V AUT. 4P,HYUNDAI,2014,50710,R$ 48.900
GM - CHEVROLET SPIN ADVANTAGE 1.8 8V ECONO.FLEX 5P AUT.,GM - CHEVROLET,2015,95,R$ 47.800
GM - CHEVROLET SPIN ADVANTAGE 1.8 8V ECONO.FLEX 5P AUT.,GM - CHEVROLET,2017,55000,R$ 54.900
GM - CHEVROLET SPIN ADVANTAGE 1.8 8V ECONO.FLEX 5P AUT.,GM - CHEVROLET,2017,44500,R$ 53.900
FORD FOCUS SEDAN 2.0 16V/2.0 16V FLEX 4P AUT.,FORD,2014,72000,R$ 48.900
FORD FIESTA SEL 1.6 16V FLEX  AUT. 5P,FORD,2014,78000,R$ 39.990
VW - VOLKSWAGEN FOX COMFORTLINE I MOTION 1.6 FLEX 8V 5P,VW - VOLKSWAGEN,2015,78000,R$ 38.900
VW - VOLKSWAGEN GOLF GTI 2.0 TSI 220CV AUT.,VW - VOLKSWAGEN,2015,0,R$ 0
NISSAN VERSA UNIQUE 1.6 16V FLEXSTART 4P AUT.,NISSAN,2018,0,R$ 51.900
CITROEN C4 LOUNGE ORIGINE 2.0 FLEX 4P AUT.,CITROEN,2016,66523,R$ 48.900
PEUGEOT 208 ACTIVE PACK 1.6 FLEX 16V 5P AUT.,PEUGEOT,2015,65000,R$ 35.990
TOYOTA ETIOS XS 1.5 FLEX 16V 5P AUT.,TOYOTA,2018,60000,R$ 49.000
GM - CHEVROLET SPIN ADVANTAGE 1.8 8V ECONO.FLEX 5P AUT.,GM - CHEVROLET,2015,80000,R$ 48.000
GM - CHEVROLET CRUZE LTZ 1.4 16V TURBO FLEX 4P AUT.,GM - CHEVROLET,2019,20000,R$ 0
PEUGEOT 208 ALLURE 1.6 FLEX 16V 5P AUT.,PEUGEOT,2016,80000,R$ 44.900
TOYOTA ETIOS XS SEDAN 1.5 FLEX 16V 4P AUT.,TOYOTA,2018,60200,R$ 49.000
GM - CHEVROLET ONIX HATCH LTZ 1.4 8V FLEXPOWER 5P MEC.,GM - CHEVROLET,2014,70000,R$ 39.900
FORD FOCUS 1.6 S/1.6 SE FLEX 16V 5P AUT,FORD,2015,75000,R$ 52.900
FORD FOCUS SED. TI./TI.PLUS 2.0 16V FLEX  AUT,FORD,2015,53750,R$ 52.000
HYUNDAI HB20S C.STYLE/C.PLUS1.6 FLEX 16V AUT. 4P,HYUNDAI,2016,0,R$ 47.900
FORD FOCUS FASTBACK SE/SE PLUS 2.0 FLEX AUT.,FORD,2016,65000,R$ 54.900
NISSAN SENTRA,NISSAN,2014,0,R$ 46.990
TOYOTA ETIOS,TOYOTA,2019,65000,R$ 52.700
HYUNDAI HB20S PREMIUM 1.6 FLEX 16V AUT. 4P,HYUNDAI,2015,74000,R$ 49.900
CITROEN C4 PICASSO/PIC. LA LUNA 2.0 16V  AUT.,CITROEN,2014,80000,R$ 42.800
GM - CHEVROLET CRUZE,GM - CHEVROLET,2014,67000,R$ 46.000
PEUGEOT 208 GRIFFE 1.6 FLEX 16V 5P MEC.,PEUGEOT,2016,75416,R$ 47.900
HONDA FIT TWIST 1.5 FLEX 16V 5P AUT.,HONDA,2014,50000,R$ 47.800
PEUGEOT 3008 GRIFFE 1.6 TURBO 16V 5P AUT.,PEUGEOT,2014,72500,R$ 51.900
FORD FOCUS SEDAN 2.0 16V/2.0 16V FLEX 4P AUT.,FORD,2014,65000,R$ 45.900
LAND ROVER EVOQUE SE 2.0 240CV AUT.,LAND ROVER,2018,30600,R$ 0
HYUNDAI HB20 PREMIUM 1.6 FLEX 16V AUT.,HYUNDAI,2016,43600,R$ 51.900
TOYOTA ETIOS,TOYOTA,2018,26351,R$ 52.900
HYUNDAI TUCSON 2.0 16V FLEX AUT.,HYUNDAI,2015,62000,R$ 48.900
HONDA FIT DX 1.4 FLEX 16V 5P MEC.,HONDA,2015,58359,R$ 53.900
FORD FOCUS TITA/TITA PLUS 2.0  FLEX 5P AUT.,FORD,2015,68000,R$ 52.990
FORD FIESTA SED. 1.6 8V FLEX 4P,FORD,2015,47551,R$ 38.000
GM - CHEVROLET SPIN LTZ 1.8 8V ECONO.FLEX 5P AUT.,GM - CHEVROLET,2014,0,R$ 49.800
TOYOTA ETIOS XS 1.5 FLEX 16V 5P AUT.,TOYOTA,2017,49900,R$ 49.900
GM - CHEVROLET CRUZE LT 1.8 16V FLEXPOWER 4P MEC.,GM - CHEVROLET,2014,60000,R$ 45.900
GM - CHEVROLET ONIX HATCH LTZ 1.4 8V FLEXPOWER 5P AUT.,GM - CHEVROLET,2015,67000,R$ 44.900
GM - CHEVROLET ONIX HATCH ACTIV 1.4 8V FLEX 5P AUT.,GM - CHEVROLET,2018,72067,R$ 53.990
GM - CHEVROLET COBALT LTZ 1.8 8V ECONO.FLEX 4P AUT.,GM - CHEVROLET,2018,78000,R$ 54.900
TOYOTA ETIOS X 1.3 FLEX 16V 5P AUT.,TOYOTA,2018,20000,R$ 50.000
FORD FOCUS TITA/TITA PLUS 2.0  FLEX 5P AUT.,FORD,2014,67000,R$ 53.990
GM - CHEVROLET COBALT ELITE 1.8 8V ECONO.FLEX 4P AUT.,GM - CHEVROLET,2016,37800,R$ 50.000
GM - CHEVROLET ONIX,GM - CHEVROLET,2018,30000,R$ 35.000
CITROEN AIRCROSS LIVE 1.6 FLEX 16V 5P AUT.,CITROEN,2017,54596,R$ 49.900
VW - VOLKSWAGEN UP!,VW - VOLKSWAGEN,2015,37000,R$ 41.900
PEUGEOT 208 GRIFFE 1.6 FLEX 16V 5P AUT.,PEUGEOT,2015,80000,R$ 39.396
HONDA CITY SEDAN EXL 1.5 FLEX  16V 4P AUT.,HONDA,2015,75000,R$ 53.900
GM - CHEVROLET PRISMA,GM - CHEVROLET,2015,40000,R$ 29.000
PEUGEOT 208,PEUGEOT,2016,75300,R$ 48.900
FORD ECOSPORT FREESTYLE 2.0 16V FLEX 5P,FORD,2015,59574,R$ 53.990
TOYOTA ETIOS XS SEDAN 1.5 FLEX 16V 4P AUT.,TOYOTA,2018,53000,R$ 49.900
FORD FIESTA TIT./TIT.PLUS 1.6 16V FLEX AUT.,FORD,2014,26000,R$ 41.900
FIAT LINEA ESSENCE DUALOGIC 1.8 FLEX 16V 4P,FIAT,2015,120,R$ 34.000
FORD FOCUS SEDAN 2.0 16V/2.0 16V FLEX 4P,FORD,2015,30900,R$ 51.900
FORD FIESTA TIT./TIT.PLUS 1.6 16V FLEX AUT.,FORD,2016,77000,R$ 49.000
LAND ROVER DISCOVERY SPORT HSE 2.0 4X4 DIESEL AUT,LAND ROVER,2016,72222,R$ 0
CHERY TIGGO 2.0 16V AUT. 5P,CHERY,2015,34235,R$ 43.900
FORD FIESTA SEL 1.0 12V ECOBOOST AUT. 5P,FORD,2017,47000,R$ 51.900
PEUGEOT 208 ALLURE 1.2 FLEX 12V 5P MEC.,PEUGEOT,2017,24864,R$ 47.900
GM - CHEVROLET COBALT ELITE 1.8 8V ECONO.FLEX 4P AUT.,GM - CHEVROLET,2016,38000,R$ 49.900
FORD FOCUS 2.0 16V/SE/SE PLUS FLEX 5P AUT.,FORD,2014,68458,R$ 54.900
NISSAN LIVINA NIGHT&DAY 1.6 16V FLEX FUEL MEC.,NISSAN,2014,110,R$ 29.900
FORD ECOSPORT FREESTYLE 2.0 16V FLEX 5P AUT.,FORD,2015,76000,R$ 50.990
PEUGEOT 208 GRIFFE 1.6 FLEX 16V 5P AUT.,PEUGEOT,2017,35000,R$ 49.000
GM - CHEVROLET PRISMA SED. LT 1.4 8V FLEXPOWER 4P AUT.,GM - CHEVROLET,2014,88,R$ 43.000
HYUNDAI HB20 PREMIUM 1.6 FLEX 16V AUT.,HYUNDAI,2016,78000,R$ 54.800
HONDA FIT LX 1.5 FLEXONE 16V 5P AUT.,HONDA,2015,42000,R$ 47.900
FORD ECOSPORT FREESTYLE 2.0 16V FLEX 5P,FORD,2015,67400,R$ 51.900
FIAT PUNTO BLACKMOTION DUAL. 1.8 FLEX 16V 5P,FIAT,2014,67000,R$ 40.000
FORD FOCUS 1.6 S/1.6 SE FLEX 16V 5P AUT,FORD,2015,54000,R$ 49.950
GM - CHEVROLET COBALT,GM - CHEVROLET,2017,59000,R$ 53.990
FORD FIESTA SEL 1.6 16V FLEX  AUT. 5P,FORD,2017,59000,R$ 51.900
FORD FOCUS 2.0 16V/SE/SE PLUS FLEX 5P AUT.,FORD,2014,1,R$ 49.800
FORD FOCUS SEDAN 2.0 16V/2.0 16V FLEX 4P AUT.,FORD,2014,79000,R$ 52.900
GM - CHEVROLET ONIX HATCH LTZ 1.4 8V FLEXPOWER 5P AUT.,GM - CHEVROLET,2017,61000,R$ 53.500
KIA MOTORS CERATO 1.6 16V  FLEX  AUT.,KIA MOTORS,2015,56000,R$ 54.900
KIA MOTORS CERATO 1.6 16V  FLEX  AUT.,KIA MOTORS,2014,63000,R$ 47.900
PEUGEOT 208 ALLURE 1.6 FLEX 16V 5P AUT.,PEUGEOT,2016,60000,R$ 45.990
CITROEN C4 LOUNGE EXCLUSIVE 1.6 TURBO FLEX AUT.,CITROEN,2015,1,R$ 49.900
FORD TITANIUM 1.6 POWERSHIFT AUT.,FORD,2015,72320,R$ 42.990
FORD FIESTA SE 1.6 16V FLEX 5P,FORD,2015,79000,R$ 40.500
CITROEN C3 TENDANCE 1.6 VTI FLEX START 16V AUT.,CITROEN,2015,72000,R$ 40.800
CITROEN C4 LOUNGE TENDANCE 2.0 FLEX 4P MEC.,CITROEN,2015,110,R$ 45.500
GM - CHEVROLET CRUZE SPORT LTZ 1.4 16V TB FLEX 5P AUT.,GM - CHEVROLET,2018,48000,R$ 0
FIAT PALIO SPORTING DUALOGIC 1.6 FLEX 16V 5P,FIAT,2016,40000,R$ 43.000
HONDA CIVIC SEDAN SPORT 2.0 FLEX 16V AUT.4P,HONDA,2017,68000,R$ 0
JEEP COMPASS LIMITED 2.0 4X2 FLEX 16V AUT.,JEEP,2019,22000,R$ 0
NISSAN KICKS SL 1.6 16V FLEXSTAR 5P AUT.,NISSAN,2018,35000,R$ 0
VW - VOLKSWAGEN FOX 1.6 MI I MOTION TOTAL FLEX 8V 5P,VW - VOLKSWAGEN,2014,1,R$ 35.900
CHERY TIGGO 2.0 16V AUT. 5P,CHERY,2015,79000,R$ 39.900
HYUNDAI HB20S C.STYLE/C.PLUS1.6 FLEX 16V AUT. 4P,HYUNDAI,2017,67000,R$ 52.900
FORD FOCUS SEDAN 2.0 16V/2.0 16V FLEX 4P AUT.,FORD,2014,80000,R$ 46.900
MITSUBISHI LANCER HL 2.0 16V 160CV AUT.,MITSUBISHI,2016,63905,R$ 52.900
GM - CHEVROLET COBALT LTZ 1.8 8V ECONO.FLEX 4P AUT.,GM - CHEVROLET,2014,72000,R$ 38.000
GM - CHEVROLET ONIX SED. PLUS PREM. 1.0 12V TB FLEX AUT,GM - CHEVROLET,2020,19900,R$ 0
GM - CHEVROLET TRACKER LT 1.0 TURBO 12V FLEX AUT,GM - CHEVROLET,2021,0,R$ 0
TOYOTA ETIOS XLS 1.5 FLEX 5P AUT.,TOYOTA,2018,48000,R$ 52.900
FORD FIESTA TIT./TIT.PLUS 1.6 16V FLEX AUT.,FORD,2015,78000,R$ 48.900
CITROEN AIRCROSS TENDANCE 1.6 FLEX 16V 5P AUT.,CITROEN,2015,0,R$ 38.900
FORD FIESTA 1.6 16V FLEX AUT. 5P,FORD,2015,59100,R$ 40.600
RENAULT SANDERO STEPWAY HI-FLEX 1.6 16V 5P AUT.,RENAULT,2015,48000,R$ 44.990
NISSAN VERSA SV 1.6 16V FLEXSTART 4P AUT.,NISSAN,2018,18000,R$ 52.950
GM - CHEVROLET COBALT LT 1.8 8V ECONO.FLEX 4P AUT.,GM - CHEVROLET,2016,74000,R$ 52.900
NISSAN VERSA SV 1.6 16V FLEXSTART 4P AUT.,NISSAN,2018,18000,R$ 52.990
RENAULT DUSTER DYNAMIQUE 2.0  HI-FLEX 16V AUT.,RENAULT,2015,70000,R$ 47.990
GM - CHEVROLET TRACKER LTZ 1.8 16V FLEX 4X2 AUT.,GM - CHEVROLET,2015,69000,R$ 0
FIAT BRAVO SPORTING 1.8 DUALOGIC FLEX 16V 5P,FIAT,2016,76000,R$ 51.900
CITROEN C3 ATTRACTION 1.6 FLEX 16V 5P AUT.,CITROEN,2019,49000,R$ 50.900
VW - VOLKSWAGEN POLO GT 2.0 MI TOTAL FLEX 8V 5P,VW - VOLKSWAGEN,2019,46447,R$ 54.740
HYUNDAI HB20X STYLE 1.6 FLEX 16V AUT.,HYUNDAI,2015,61000,R$ 50.900
HYUNDAI HB20 C.STYLE/C.PLUS 1.6 FLEX 16V AUT.,HYUNDAI,2014,79500,R$ 36.990
RENAULT LOGAN EXPRESSION EASY R FLEX 1.6 16V 4P,RENAULT,2019,38900,R$ 40.990
GM - CHEVROLET SPIN ACTIV 1.8 8V ECONO. FLEX 5P AUT.,GM - CHEVROLET,2017,67190,R$ 54.500
FORD FOCUS 1.6 S/1.6 SE FLEX 16V 5P AUT,FORD,2014,55000,R$ 46.500
FORD FOCUS GHIA  2.0 16V/ 2.0 16V FLEX 5P AUT,FORD,2015,55000,R$ 47.000
FIAT LINEA ESSENCE DUALOGIC 1.8 FLEX 16V 4P,FIAT,2016,60000,R$ 35.000
FIAT LINEA ESSENCE DUALOGIC 1.8 FLEX 16V 4P,FIAT,2015,68000,R$ 37.900
HYUNDAI HB20S PREMIUM 1.6 FLEX 16V AUT. 4P,HYUNDAI,2015,38200,R$ 51.900
CITROEN C3 TENDANCE 1.6 VTI FLEX START 16V AUT.,CITROEN,2015,60000,R$ 40.900
GM - CHEVROLET PRISMA SED. LTZ 1.4 8V FLEXPOWER 4P AUT.,GM - CHEVROLET,2016,57000,R$ 51.900
GM - CHEVROLET HATCH PREM. 1.0 12V TB FLEX 5P AUT,GM - CHEVROLET,2020,7941,R$ 0
FIAT IDEA ADV./ ADV.LOCK.DUALOGIC 1.8 FLEX 5P,FIAT,2015,80000,R$ 41.900
HYUNDAI HB20S PREMIUM 1.6 FLEX 16V AUT. 4P,HYUNDAI,2014,0,R$ 48.900
FORD FIESTA 1.6 16V FLEX AUT. 5P,FORD,2016,60086,R$ 39.990
FIAT BRAVO ESSENCE DUALOGIC 1.8 FLEX 16V 5P,FIAT,2014,66705,R$ 38.900
FORD TITANIUM 1.6 POWERSHIFT AUT.,FORD,2016,57000,R$ 52.900
HONDA FIT LX 1.4/ 1.4 FLEX 8V/16V 5P AUT.,HONDA,2014,65000,R$ 42.900
PEUGEOT 208 GRIFFE 1.6 FLEX 16V 5P AUT.,PEUGEOT,2014,60000,R$ 39.900
GM - CHEVROLET AGILE LTZ 1.4 MPFI 8V FLEXPOWER 5P,GM - CHEVROLET,2014,60000,R$ 35.000
FORD TITANIUM 1.6 POWERSHIFT AUT.,FORD,2014,52000,R$ 37.800
GM - CHEVROLET SPIN ACTIV 1.8 8V ECONO. FLEX 5P AUT.,GM - CHEVROLET,2015,72000,R$ 53.900
HONDA FIT LX 1.5 FLEXONE 16V 5P AUT.,HONDA,2015,67000,R$ 51.990
FORD FOCUS 1.6 S/1.6 SE FLEX 16V 5P AUT,FORD,2014,77421,R$ 47.000
RENAULT FLUENCE SED. DYNAMIQUE 2.0 16V FLEX AUT.,RENAULT,2015,120,R$ 47.900
GM - CHEVROLET SPIN LT 1.8 8V ECONO.FLEX 5P AUT.,GM - CHEVROLET,2014,52000,R$ 42.000
MITSUBISHI OUTLANDER HPE 2.0 16V 5P AUT.,MITSUBISHI,2020,0,R$ 0
FIAT GRAND SIENA ESSENCE DUAL. 1.6 FLEX 16V,FIAT,2015,1,R$ 39.990
GM - CHEVROLET ONIX HATCH LTZ 1.4 8V FLEXPOWER 5P AUT.,GM - CHEVROLET,2016,58000,R$ 47.990
FORD ECOSPORT SE 1.6 16V FLEX 5P AUT.,FORD,2016,60000,R$ 53.000
FORD FOCUS SED. TI./TI.PLUS 2.0 16V FLEX  AUT,FORD,2015,65500,R$ 54.900
GM - CHEVROLET PRISMA SED. LTZ 1.4 8V FLEXPOWER 4P AUT.,GM - CHEVROLET,2014,160,R$ 38.000
FIAT UNO SPORTING DUALOGIC 1.4 EVO FLEX 8V 4P,FIAT,2016,66560,R$ 39.900
HONDA FIT EX/S/EX 1.5 FLEX/FLEXONE 16V 5P AUT.,HONDA,2014,99,R$ 43.500
HYUNDAI HB20 C.STYLE/C.PLUS 1.6 FLEX 16V AUT.,HYUNDAI,2015,60000,R$ 42.000
GM - CHEVROLET ONIX HATCH LTZ 1.4 8V FLEXPOWER 5P AUT.,GM - CHEVROLET,2016,32400,R$ 53.900
GM - CHEVROLET ONIX HATCH LT 1.4 8V FLEXPOWER 5P AUT.,GM - CHEVROLET,2015,73356,R$ 40.900
RENAULT DUSTER DYNAMIQUE 2.0  HI-FLEX 16V AUT.,RENAULT,2015,69000,R$ 48.990
FORD ECOSPORT TITANIUM 2.0 16V FLEX 5P,FORD,2014,41000,R$ 44.704
CITROEN C3 EXCL. 1.6 VTI FLEX START 16V 5P AUT.,CITROEN,2015,80000,R$ 39.900
NISSAN VERSA SV 1.6 16V FLEXSTART 4P AUT.,NISSAN,2018,67000,R$ 52.900
MITSUBISHI PAJERO SPORT,MITSUBISHI,2020,0,R$ 0
RENAULT LOGAN ZEN FLEX 1.6 16V 4P AUT.,RENAULT,2015,67000,R$ 36.000
GM - CHEVROLET CRUZE HB SPORT LT 1.8 16V FLEXP. 5P AUT,GM - CHEVROLET,2014,75000,R$ 53.000
JEEP COMPASS LIMITED 2.0 4X4 DIESEL 16V AUT.,JEEP,2019,25000,R$ 0
HONDA CITY SEDAN LX 1.5 FLEX 16V 4P AUT.,HONDA,2015,78900,R$ 54.990
PEUGEOT 408 SEDAN GRIFFE 1.6 TURBO 16V 4P AUT.,PEUGEOT,2014,0,R$ 36.990
GM - CHEVROLET CRUZE LT 1.8 16V FLEXPOWER 4P AUT.,GM - CHEVROLET,2014,84,R$ 54.500
HYUNDAI HB20X STYLE 1.6 FLEX 16V AUT.,HYUNDAI,2014,78000,R$ 45.000
GM - CHEVROLET PRISMA SED. LTZ 1.4 8V FLEXPOWER 4P AUT.,GM - CHEVROLET,2018,43652,R$ 48.965
CITROEN C3 TENDANCE 1.6 VTI FLEX START 16V AUT.,CITROEN,2015,30000,R$ 0
KIA MOTORS PICANTO EX 1.1/1.0/ 1.0 FLEX AUT.,KIA MOTORS,2015,52000,R$ 33.900
GM - CHEVROLET SPIN LT 1.8 8V ECONO.FLEX 5P AUT.,GM - CHEVROLET,2014,66000,R$ 39.900
CITROEN C4 LOUNGE EXCLUSIVE 1.6 TURBO 4P AUT.,CITROEN,2014,139,R$ 45.000
VW - VOLKSWAGEN JETTA COMFORTLINE 1.4 TSI 16V 4P AUT.,VW - VOLKSWAGEN,2018,35500,R$ 0
CITROEN C4 LOUNGE EXCLUSIVE 1.6 TURBO FLEX AUT.,CITROEN,2015,60000,R$ 53.900
NISSAN SENTRA SV 2.0 FLEXSTART 16V AUT.,NISSAN,2016,0,R$ 50.900
,,,,
PEUGEOT 308 ALLURE 1.6 FLEX 16V 5P MEC.,PEUGEOT,2014,1000,R$ 25.000
MITSUBISHI ECLIPSE CROSS HPE-S 1.5 AWD 165CV AUT.,MITSUBISHI,2020,0,R$ 0
HYUNDAI HB20S PREMIUM 1.6 FLEX 16V AUT. 4P,HYUNDAI,2014,6500,R$ 54.900
GM - CHEVROLET SPIN ACTIV 1.8 8V ECONO. FLEX 5P AUT.,GM - CHEVROLET,2016,80000,R$ 51.900
PEUGEOT 208 ACTIVE PACK 1.6 FLEX 16V 5P AUT.,PEUGEOT,2021,0,R$ 0
HYUNDAI HB20 PREMIUM 1.6 FLEX 16V AUT.,HYUNDAI,2014,52400,R$ 46.800
PEUGEOT 2008 GRIFFE 1.6 FLEX 16V 5P AUT.,PEUGEOT,2016,51000,R$ 53.900
FORD FOCUS 1.6 S/SE/SE PLUS FLEX 8V/16V  5P,FORD,2015,57000,R$ 48.000
GM - CHEVROLET HATCH PREM. 1.0 12V TB FLEX 5P AUT,GM - CHEVROLET,2020,4800,R$ 52.000
TOYOTA RAV4 2.0 TOP 4X2 16V AUT.,TOYOTA,2018,75000,R$ 0
HYUNDAI HB20X PREMIUM 1.6 FLEX 16V AUT.,HYUNDAI,2014,46000,R$ 0
FORD FIESTA TIT./TIT.PLUS 1.6 16V FLEX AUT.,FORD,2015,74000,R$ 42.500
GM - CHEVROLET PRISMA SED. LT 1.4 8V FLEXPOWER 4P AUT.,GM - CHEVROLET,2017,39000,R$ 54.800
GM - CHEVROLET SPIN LTZ 1.8 8V ECONO.FLEX 5P AUT.,GM - CHEVROLET,2015,76610,R$ 48.900
JEEP RENEGADE LONGITUDE 1.8 4X2 FLEX 16V AUT.,JEEP,2020,1,R$ 55.000
GM - CHEVROLET ONIX SEDAN PLUS LT 1.0 12V TB FLEX AUT.,GM - CHEVROLET,2021,0,R$ 40.000
PEUGEOT 408 SEDAN ALLURE 2.0 FLEX 16V 4P AUT.,PEUGEOT,2016,65000,R$ 50.000
FORD FOCUS 1.6 S/1.6 SE FLEX 16V 5P AUT,FORD,2015,79000,R$ 50.000
RENAULT DUSTER DYNAMIQUE 2.0  HI-FLEX 16V AUT.,RENAULT,2014,0,R$ 46.900
FIAT IDEA ESSENCE DUALOGIC 1.6 FLEX 16V 5P,FIAT,2016,39000,R$ 40.900
TOYOTA ETIOS CROSS 1.5 FLEX 16V 5P AUT.,TOYOTA,2017,40000,R$ 52.000
FORD FIESTA SEL 1.6 16V FLEX  AUT. 5P,FORD,2018,30000,R$ 54.000
PEUGEOT 208 ALLURE 1.6 FLEX 16V 5P AUT.,PEUGEOT,2018,49000,R$ 53.890
HONDA FIT EX/S/EX 1.5 FLEX/FLEXONE 16V 5P AUT.,HONDA,2014,35000,R$ 48.500
GM - CHEVROLET CRUZE LTZ 1.4 16V TURBO FLEX 4P AUT.,GM - CHEVROLET,2017,39000,R$ 0
GM - CHEVROLET TRACKER LTZ 1.8 16V FLEX 4X2 AUT.,GM - CHEVROLET,2015,63000,R$ 0
FORD ECOSPORT SE 1.6 16V FLEX 5P AUT.,FORD,2015,73000,R$ 49.900
MITSUBISHI L200,MITSUBISHI,2021,1,R$ 0
MITSUBISHI OUTLANDER SPORT HPE 4X4 2.0 16V FLEX AUT,MITSUBISHI,2021,0,R$ 0
GM - CHEVROLET COBALT ELITE 1.8 8V ECONO.FLEX 4P AUT.,GM - CHEVROLET,2017,68000,R$ 52.000
GM - CHEVROLET PRISMA SED. LTZ 1.4 8V FLEXPOWER 4P AUT.,GM - CHEVROLET,2015,0,R$ 44.500
HYUNDAI HB20X STYLE 1.6 FLEX 16V AUT.,HYUNDAI,2014,70040,R$ 50.600
HYUNDAI TUCSON 2.0 16V FLEX AUT.,HYUNDAI,2016,65000,R$ 51.900
VW - VOLKSWAGEN UP! MOVE I MOTION 1.0 T. FLEX 12V 5P,VW - VOLKSWAGEN,2017,70000,R$ 42.900
FORD FOCUS SED. TI./TI.PLUS 2.0 16V FLEX  AUT,FORD,2014,144,R$ 46.500
FORD ECOSPORT SE 2.0 16V FLEX 5P AUT.,FORD,2014,78,R$ 49.500
GM - CHEVROLET COBALT LTZ 1.8 8V ECONO.FLEX 4P AUT.,GM - CHEVROLET,2017,125,R$ 49.500
CITROEN C4 TENDANCE 2.0 FLEX 16V 5P AUT.,CITROEN,2014,58000,R$ 46.900
HONDA HR-V EXL 1.8 FLEXONE 16V 5P AUT.,HONDA,2017,0,R$ 0
NISSAN SENTRA SV 2.0 FLEXSTART 16V AUT.,NISSAN,2016,38700,R$ 53.500
GM - CHEVROLET S10 PICK-UP LTZ 2.8 TDI 4X4 CD DIES.AUT,GM - CHEVROLET,2021,3000,R$ 0
FORD FOCUS GHIA  2.0 16V/ 2.0 16V FLEX 5P AUT,FORD,2020,45000,R$ 30.000
CITROEN AIRCROSS LIVE 1.6 FLEX 16V 5P AUT.,CITROEN,2017,69000,R$ 49.900
VW - VOLKSWAGEN UP! MOVE I MOTION 1.0 T. FLEX 12V 5P,VW - VOLKSWAGEN,2015,70000,R$ 20.000
CITROEN C3 TENDANCE 1.6 VTI FLEX START 16V AUT.,CITROEN,2015,54000,R$ 39.900
FORD FIESTA TIT./TIT.PLUS 1.6 16V FLEX AUT.,FORD,2015,71000,R$ 40.900
GM - CHEVROLET CRUZE HB SPORT LT 1.8 16V FLEXP. 5P AUT,GM - CHEVROLET,2014,73000,R$ 53.900
CITROEN C4 LOUNGE EXCLUSIVE 1.6 TURBO FLEX AUT.,CITROEN,2015,0,R$ 51.900
HONDA HR-V LX 1.8 FLEXONE 16V 5P AUT.,HONDA,2020,42900,R$ 0
VW - VOLKSWAGEN GOL TRACK 1.0 MI TOTAL FLEX 8V 4P,VW - VOLKSWAGEN,2018,50000,R$ 44.500
TOYOTA COROLLA ALTIS 2.0 FLEX 16V AUT.,TOYOTA,2017,58300,R$ 0
HYUNDAI HB20 PREMIUM 1.6 FLEX 16V AUT.,HYUNDAI,2015,60000,R$ 54.900
FORD FIESTA SED. TI./TI.PLUS1.6 16V FLEX AUT.,FORD,2016,42200,R$ 50.000
HYUNDAI TUCSON 2.0 16V FLEX AUT.,HYUNDAI,2017,68000,R$ 53.990
HYUNDAI TUCSON 2.0 16V AUT.,HYUNDAI,2015,0,R$ 49.900
HYUNDAI TUCSON 2.0 16V FLEX AUT.,HYUNDAI,2015,127,R$ 48.500
CITROEN C4 TENDANCE 2.0 FLEX 16V 5P AUT.,CITROEN,2015,110,R$ 44.900
JAC T6 2.0 JET FLEX 5P MEC.,JAC,2016,62863,R$ 46.900
HYUNDAI HB20S PREMIUM 1.6 FLEX 16V AUT. 4P,HYUNDAI,2016,75000,R$ 54.900
FORD FIESTA 1.6 16V FLEX AUT. 5P,FORD,2015,80000,R$ 43.900
PEUGEOT 308 ALLURE 2.0 FLEX 16V 5P AUT.,PEUGEOT,2015,76000,R$ 42.000
MITSUBISHI LANCER HLE 2.0 16V 160CV AUT.,MITSUBISHI,2016,93,R$ 53.000
PEUGEOT 208 GRIFFE 1.6 FLEX 16V 5P AUT.,PEUGEOT,2015,58971,R$ 47.900
PEUGEOT 308 ALLURE 2.0 FLEX 16V 5P AUT.,PEUGEOT,2014,77000,R$ 40.900
TOYOTA ETIOS XS 1.5 FLEX 16V 5P AUT.,TOYOTA,2018,50000,R$ 50.900
MITSUBISHI ASX,MITSUBISHI,2021,0,R$ 0
GM - CHEVROLET SPIN LTZ 1.8 8V ECONO.FLEX 5P AUT.,GM - CHEVROLET,2016,63500,R$ 48.900
HYUNDAI TUCSON 2.0 16V FLEX AUT.,HYUNDAI,2015,70000,R$ 43.000
VW - VOLKSWAGEN SPACEFOX COMF. I MOTION 1.6 FLEX 8V 5P,VW - VOLKSWAGEN,2015,65,R$ 47.500
FIAT UNO SPORTING 1.4 EVO FIRE FLEX 8V 4P,FIAT,2016,42600,R$ 38.900
FORD FOCUS TITA/TITA PLUS 2.0  FLEX 5P AUT.,FORD,2015,62000,R$ 55.000
GM - CHEVROLET SPIN LTZ 1.8 8V ECONO.FLEX 5P AUT.,GM - CHEVROLET,2015,61500,R$ 49.900
CITROEN C4 LOUNGE TENDANCE 1.6 TURBO FLEX AUT.,CITROEN,2017,54500,R$ 55.000
,,,,
FORD FOCUS 2.0 16V/SE/SE PLUS FLEX 5P AUT.,FORD,2014,62000,R$ 52.900
FIAT PALIO ESSENCE DUALOGIC 1.6 FLEX 16V 5P,FIAT,2014,60,R$ 32.900
CITROEN C3 EXCLUSIVE 1.5 FLEX 8V 5P MEC.,CITROEN,2016,57000,R$ 45.000
GM - CHEVROLET SPIN ACTIV 1.8 8V ECONO. FLEX 5P AUT.,GM - CHEVROLET,2016,26000,R$ 45.000
FORD FOCUS 2.0 16V/SE/SE PLUS FLEX 5P AUT.,FORD,2014,67,R$ 48.000
GM - CHEVROLET COBALT ELITE 1.8 8V ECONO.FLEX 4P AUT.,GM - CHEVROLET,2017,48000,R$ 53.800
FORD SEDAN TITANIUM 1.6 POWERSHIFT,FORD,2014,60300,R$ 47.900
RENAULT SANDERO STEP. EASY R DYN. FLEX 1.6 16V,RENAULT,2019,28000,R$ 52.900
FORD ECOSPORT TITANIUM 2.0 16V FLEX 5P AUT.,FORD,2014,69000,R$ 46.990
HONDA HR-V EXL 1.8 FLEXONE 16V 5P AUT.,HONDA,2016,69000,R$ 0
HONDA FIT EX/S/EX 1.5 FLEX/FLEXONE 16V 5P AUT.,HONDA,2016,49000,R$ 0
HONDA CIVIC SEDAN TOURING 1.5 TURBO 16V AUT.4P,HONDA,2018,58000,R$ 0
GM - CHEVROLET COBALT LTZ 1.8 8V ECONO.FLEX 4P AUT.,GM - CHEVROLET,2020,14000,R$ 0
FORD FOCUS SEDAN 2.0 16V/2.0 16V FLEX 4P AUT.,FORD,2015,56000,R$ 48.900
TOYOTA YARIS XLS 1.5 FLEX 16V 5P AUT.,TOYOTA,2019,11000,R$ 0
MITSUBISHI OUTLANDER SPORT HPE 2.0 16V FLEX AUT,MITSUBISHI,2021,1,R$ 0
GM - CHEVROLET CRUZE LT 1.8 16V FLEXPOWER 4P AUT.,GM - CHEVROLET,2014,1,R$ 49.000
FORD ECOSPORT TITANIUM 2.0 16V FLEX 5P AUT.,FORD,2014,31000,R$ 54.900
GM - CHEVROLET SPIN ACTIV 1.8 8V ECONO. FLEX 5P AUT.,GM - CHEVROLET,2016,58000,R$ 51.300
PEUGEOT 2008,PEUGEOT,2018,45000,R$ 50.000
FIAT IDEA ADV./ ADV.LOCK.DUALOGIC 1.8 FLEX 5P,FIAT,2014,59000,R$ 37.900
RENAULT SANDERO EXPRES. EASYR FLEX 1.6 16V 5P,RENAULT,2018,75000,R$ 37.000
FORD FIESTA TIT./TIT.PLUS 1.6 16V FLEX AUT.,FORD,2014,71000,R$ 41.900
GM - CHEVROLET SPIN ADVANTAGE 1.8 8V ECONO.FLEX 5P AUT.,GM - CHEVROLET,2015,78700,R$ 41.990
FORD FOCUS TITA/TITA PLUS 2.0  FLEX 5P AUT.,FORD,2015,74000,R$ 54.500
TOYOTA COROLLA XEI 2.0 FLEX 16V AUT.,TOYOTA,2018,39700,R$ 0
RENAULT SANDERO STEPWAY HI-FLEX 1.6 16V 5P AUT.,RENAULT,2014,55000,R$ 32.500
MITSUBISHI ECLIPSE CROSS HPE-S OUTDOOR 1.5 AWC AUT,MITSUBISHI,2020,0,R$ 0
FORD FIESTA TIT./TIT.PLUS 1.6 16V FLEX AUT.,FORD,2014,63000,R$ 42.900
GM - CHEVROLET SPIN LT 1.8 8V ECONO.FLEX 5P AUT.,GM - CHEVROLET,2016,45000,R$ 51.500
NISSAN ALTIMA SL 2.5 16V 4P AUT.,NISSAN,2014,63000,R$ 48.000
TOYOTA ETIOS X 1.3 FLEX 16V 5P AUT.,TOYOTA,2018,42000,R$ 51.800
FORD FOCUS TITA/TITA PLUS 2.0  FLEX 5P AUT.,FORD,2014,77000,R$ 50.000
HONDA FIT LX 1.4/ 1.4 FLEX 8V/16V 5P AUT.,HONDA,2015,80000,R$ 52.500
GM - CHEVROLET ONIX HATCH LT 1.4 8V FLEXPOWER 5P AUT.,GM - CHEVROLET,2014,73000,R$ 38.500
RENAULT FLUENCE SED. DYNAMIQUE 2.0 16V FLEX AUT.,RENAULT,2014,48754,R$ 20.000
GM - CHEVROLET CRUZE LT 1.8 16V FLEXPOWER 4P AUT.,GM - CHEVROLET,2014,71614,R$ 40.000
GM - CHEVROLET CRUZE LT 1.4 16V TURBO FLEX 4P AUT.,GM - CHEVROLET,2016,25141,R$ 25.000
,CITROEN,2014,75000,R$ 32.200
GM - CHEVROLET ONIX HATCH LTZ 1.4 8V FLEXPOWER 5P AUT.,GM - CHEVROLET,2018,33,R$ 0
GM - CHEVROLET SPIN ACTIV 1.8 8V ECONO. FLEX 5P AUT.,GM - CHEVROLET,2016,70000,R$ 48.799
FORD FOCUS SED. TI./TI.PLUS 2.0 16V FLEX  AUT,FORD,2015,71500,R$ 54.900
FORD ECOSPORT TITANIUM 2.0 16V FLEX 5P AUT.,FORD,2014,47000,R$ 49.900
FORD FIESTA 1.6 16V FLEX AUT. 5P,FORD,2015,53000,R$ 43.900
PEUGEOT 2008 ALLURE 1.6 FLEX 16V 5P AUT.,PEUGEOT,2017,57000,R$ 51.900
LIFAN X60 VIP 1.8 16V 128CV 5P AUT.,LIFAN,2018,54900,R$ 54.900
FORD FOCUS TITA/TITA PLUS 2.0  FLEX 5P AUT.,FORD,2014,73000,R$ 50.900
HYUNDAI HB20 C.STYLE/C.PLUS 1.6 FLEX 16V AUT.,HYUNDAI,2016,50900,R$ 47.900
FORD FIESTA SEDAN 1.6 16V FLEX AUT.,FORD,2014,49000,R$ 35.500
FORD FIESTA TIT./TIT.PLUS 1.6 16V FLEX AUT.,FORD,2016,1111,R$ 51.000
FORD FOCUS 2.0 16V/SE/SE PLUS FLEX 5P AUT.,FORD,2015,34300,R$ 41.900
NISSAN SENTRA SL 2.0/ 2.0 FLEX FUEL 16V AUT.,NISSAN,2015,78000,R$ 55.000
MITSUBISHI PAJERO HPE FULL 3.2 4X4 T.I.DIES. 5P AUT,MITSUBISHI,2020,0,R$ 0
HYUNDAI HB20 PREMIUM 1.6 FLEX 16V AUT.,HYUNDAI,2015,47000,R$ 46.950
HONDA FIT CX 1.4 FLEX 16V 5P AUT.,HONDA,2014,69500,R$ 39.000
TOYOTA ETIOS PLATINUM 1.5 FLEX 16V 4P AUT.,TOYOTA,2017,61,R$ 50.500
VW - VOLKSWAGEN GOLF SPORTLINE 2.0 MI TOTAL F. 8V TIP.,VW - VOLKSWAGEN,2014,62000,R$ 51.900
RENAULT SANDERO STEP. EASY R H-POWER 1.6 8V,RENAULT,2015,59000,R$ 43.990
PEUGEOT 308 ALLURE 2.0 FLEX 16V 5P AUT.,PEUGEOT,2016,22120,R$ 49.500
HYUNDAI 2.0 MPFI GLS 16V 143CV 2WD FLEX 4P AUT,HYUNDAI,2014,75000,R$ 45.000
MITSUBISHI ASX 2.0 16V 160CV AUT.,MITSUBISHI,2014,59000,R$ 48.900
FORD FOCUS TITA/TITA PLUS 2.0  FLEX 5P AUT.,FORD,2014,108,R$ 49.900
HYUNDAI TUCSON 2.0 16V FLEX AUT.,HYUNDAI,2016,73000,R$ 53.900
MITSUBISHI L200 TRITON SPORT GLS 2.4 CD DIESEL AUT.,MITSUBISHI,2021,0,R$ 0
FIAT PUNTO BLACKMOTION DUAL. 1.8 FLEX 16V 5P,FIAT,2015,70000,R$ 43.500
HYUNDAI HB20 C.STYLE/C.PLUS 1.6 FLEX 16V AUT.,HYUNDAI,2015,67000,R$ 40.800
FORD FIESTA TIT./TIT.PLUS 1.6 16V FLEX AUT.,FORD,2014,77000,R$ 42.900
FORD FOCUS SED. TI./TI.PLUS 2.0 16V FLEX  AUT,FORD,2014,70000,R$ 51.150
FIAT CRONOS DRIVE GSR 1.3 8V FLEX,FIAT,2019,18000,R$ 53.900
FORD TITANIUM 1.6 POWERSHIFT AUT.,FORD,2015,27000,R$ 44.000
VW - VOLKSWAGEN VOYAGE I MOTION 1.6 MI TOTAL FLEX 8V,VW - VOLKSWAGEN,2014,40000,R$ 30.000
VW - VOLKSWAGEN FOX HIGHLINE1.6 FLEX 16V 5P,VW - VOLKSWAGEN,2015,55000,R$ 46.500
HYUNDAI HB20S C.STYLE/C.PLUS1.6 FLEX 16V AUT. 4P,HYUNDAI,2016,78000,R$ 53.900
RENAULT SANDERO PRIVILÈGE HI-FLEX 1.6 16V 5P AUT,RENAULT,2014,65000,R$ 34.000
GM - CHEVROLET SONIC HB LTZ 1.6 16V FLEXPOWER 5P AUT.,GM - CHEVROLET,2014,79000,R$ 36.900
GM - CHEVROLET COBALT GRAPHITE 1.8 8V ECONO.FLEX 4P AUT,GM - CHEVROLET,2015,55992,R$ 38.000
GM - CHEVROLET TRACKER LT 1.8 16V FLEX 4X2 AUT.,GM - CHEVROLET,2016,41500,R$ 54.900
GM - CHEVROLET ONIX HATCH ADVANTAGE 1.4 8V FLEX 5P AUT.,GM - CHEVROLET,2018,23000,R$ 52.000
VW - VOLKSWAGEN CROSSFOX  I MOTION 1.6 T. FLEX 16V 5P,VW - VOLKSWAGEN,2017,26000,R$ 54.900
GM - CHEVROLET SPIN ADVANTAGE 1.8 8V ECONO.FLEX 5P AUT.,GM - CHEVROLET,2017,65000,R$ 47.500
CITROEN C4 LOUNGE EXCLUSIVE 1.6 TURBO 4P AUT.,CITROEN,2014,78500,R$ 47.999
GM - CHEVROLET PRISMA SED. LT 1.4 8V FLEXPOWER 4P AUT.,GM - CHEVROLET,2015,65420,R$ 40.000
FORD FIESTA 1.6 16V FLEX AUT. 5P,FORD,2014,72000,R$ 38.900
GM - CHEVROLET CRUZE LT 1.8 16V FLEXPOWER 4P AUT.,GM - CHEVROLET,2015,49,R$ 47.500
FORD ECOSPORT FREESTYLE 2.0 16V FLEX 5P AUT.,FORD,2015,47000,R$ 52.700
HYUNDAI 2.0 MPFI GLS 16V 143CV 2WD FLEX 4P AUT,HYUNDAI,2015,76542,R$ 45.900
HYUNDAI HB20S C.STYLE/C.PLUS1.6 FLEX 16V AUT. 4P,HYUNDAI,2015,54000,R$ 42.000
PEUGEOT 308 ALLURE 2.0 FLEX 16V 5P AUT.,PEUGEOT,2014,70000,R$ 37.000
FORD FOCUS 2.0 16V/SE/SE PLUS FLEX 5P AUT.,FORD,2015,73409,R$ 49.900
FORD FOCUS TITA/TITA PLUS 2.0  FLEX 5P AUT.,FORD,2015,65000,R$ 54.900
GM - CHEVROLET PRISMA SED. LT 1.4 8V FLEXPOWER 4P,GM - CHEVROLET,2017,54000,R$ 48.900
HYUNDAI HB20S C.STYLE/C.PLUS1.6 FLEX 16V AUT. 4P,HYUNDAI,2015,72000,R$ 44.900
HYUNDAI TUCSON,HYUNDAI,2016,54000,R$ 54.900
RENAULT STEPWAY INTENSE FLEX 1.6 16V AUT.,RENAULT,2015,55000,R$ 43.000
GM - CHEVROLET COBALT LTZ 1.8 8V ECONO.FLEX 4P AUT.,GM - CHEVROLET,2015,160,R$ 37.500
PEUGEOT 208 GRIFFE 1.6 FLEX 16V 5P AUT.,PEUGEOT,2019,25800,R$ 53.800
RENAULT LOGAN DYNAMIQUE EASYR FLEX 1.6 16V 4P,RENAULT,2015,79158,R$ 31.990
CITROEN AIRCROSS EXCLUSIVE 1.6 FLEX 16V 5P AUT.,CITROEN,2015,73000,R$ 39.900
GM - CHEVROLET PRISMA SED. LTZ 1.4 8V FLEXPOWER 4P AUT.,GM - CHEVROLET,2017,80000,R$ 50.000
GM - CHEVROLET COBALT ADVANTAGE 1.8 8V ECO.FLEX 4P AUT.,GM - CHEVROLET,2014,0,R$ 40.000
HONDA FIT LX 1.5 FLEXONE 16V 5P AUT.,HONDA,2015,72470,R$ 49.900
FORD FIESTA SED. TI./TI.PLUS1.6 16V FLEX AUT.,FORD,2016,79000,R$ 54.800
VW - VOLKSWAGEN POLO I MOTION 1.6 TOTAL FLEX  5P,VW - VOLKSWAGEN,2014,68000,R$ 33.900
CITROEN AIRCROSS TENDANCE 1.6 FLEX 16V 5P AUT.,CITROEN,2015,36000,R$ 40.900
GM - CHEVROLET CRUZE LTZ 1.8 16V FLEXPOWER 4P AUT.,GM - CHEVROLET,2014,70600,R$ 51.870
HYUNDAI HB20 C.STYLE/C.PLUS 1.6 FLEX 16V AUT.,HYUNDAI,2016,50000,R$ 47.900
TOYOTA HILUX,TOYOTA,2018,36000,R$ 0
TOYOTA HILUX SW4 SRX 4X4 2.8 TDI 16V DIES. AUT.,TOYOTA,2019,33000,R$ 0
CHERY TIGGO 2 ACT 1.5 16V FLEX AUT.5P,CHERY,2019,25000,R$ 38.000
JEEP RENEGADE SPORT 1.8 4X2 FLEX 16V AUT.,JEEP,2018,23000,R$ 30.000
GM - CHEVROLET SPIN LTZ 1.8 8V ECONO.FLEX 5P AUT.,GM - CHEVROLET,2016,72320,R$ 52.900
FORD FIESTA 1.6 16V FLEX AUT. 5P,FORD,2014,40800,R$ 38.500
VW - VOLKSWAGEN FOX CONNECT I MOTION 1.6 FLEX 8V 5P,VW - VOLKSWAGEN,2019,50000,R$ 46.000
GM - CHEVROLET PRISMA SED. LT 1.4 8V FLEXPOWER 4P AUT.,GM - CHEVROLET,2017,74000,R$ 54.900
FIAT BRAVO SPORTING 1.8 DUALOGIC FLEX 16V 5P,FIAT,2014,118,R$ 38.000
VW - VOLKSWAGEN POLO HIGHLINE 200 TSI 1.0 FLEX 12V AUT.,VW - VOLKSWAGEN,2019,27000,R$ 45.000
GM - CHEVROLET CRUZE SPORT PREMIER 1.4 16V TB FLEX AUT,GM - CHEVROLET,2020,0,R$ 0
FIAT IDEA ADV./ ADV.LOCK.DUALOGIC 1.8 FLEX 5P,FIAT,2016,18000,R$ 49.900
GM - CHEVROLET COBALT ADVANTAGE 1.8 8V ECO.FLEX 4P AUT.,GM - CHEVROLET,2015,12000,R$ 45.900
FIAT PALIO WEEK.ADV.LOCK.DUALOGIC 1.8 FLEX,FIAT,2017,57683,R$ 48.900
NISSAN MARCH SL 1.6 16V FLEXSTART 5P AUT.,NISSAN,2018,30000,R$ 52.900
RENAULT DUSTER DYNAMIQUE 2.0  HI-FLEX 16V AUT.,RENAULT,2014,77400,R$ 50.000
NISSAN SENTRA S 2.0 FLEXSTART 16V AUT.,NISSAN,2015,140,R$ 48.900
TOYOTA HILUX SW4 SRX 4X4 2.8 TDI 16V DIES. AUT.,TOYOTA,2018,39000,R$ 0
CITROEN C4 LOUNGE EXCLUSIVE 1.6 TURBO 4P AUT.,CITROEN,2014,0,R$ 48.000
PEUGEOT 2008 GRIFFE 1.6 FLEX 16V 5P AUT.,PEUGEOT,2017,23900,R$ 0
HYUNDAI IX35 GLS 2.0 16V 2WD FLEX AUT.,HYUNDAI,2014,69000,R$ 0
CITROEN C4 LOUNGE EXCLUSIVE 1.6 TURBO FLEX AUT.,CITROEN,2016,77000,R$ 55.000
HONDA FIT EX/S/EX 1.5 FLEX/FLEXONE 16V 5P AUT.,HONDA,2016,77776,R$ 48.000
HYUNDAI HB20S C.STYLE/C.PLUS1.6 FLEX 16V AUT. 4P,HYUNDAI,2015,100,R$ 44.000
VW - VOLKSWAGEN SPACEFOX  TREND I MOTION 1.6 T. FLEX 8V,VW - VOLKSWAGEN,2016,64000,R$ 45.000
HYUNDAI HB20X PREMIUM 1.6 FLEX 16V AUT.,HYUNDAI,2014,70000,R$ 45.000
TOYOTA HILUX SW4 SRX 4X4 2.8 TDI 16V DIES. AUT.,TOYOTA,2017,1,R$ 0
PEUGEOT 408 SEDAN ALLURE 2.0 FLEX 16V 4P AUT.,PEUGEOT,2015,53000,R$ 47.900
FIAT ARGO DRIVE 1.3 FIREFLY GSR,FIAT,2018,50000,R$ 52.900
FORD FOCUS TITA/TITA PLUS 2.0  FLEX 5P AUT.,FORD,2014,10,R$ 47.000
PEUGEOT 208,PEUGEOT,2015,40,R$ 0
FORD FOCUS 2.0 16V/SE/SE PLUS FLEX 5P AUT.,FORD,2016,80000,R$ 53.499
PEUGEOT 208 GRIFFE 1.6 FLEX 16V 5P AUT.,PEUGEOT,2017,30000,R$ 54.900
HYUNDAI ELANTRA GLS 2.0 16V FLEX AUT.,HYUNDAI,2014,77000,R$ 53.500
FORD FOCUS TITA/TITA PLUS 2.0  FLEX 5P AUT.,FORD,2014,78000,R$ 51.000
FIAT LINEA ABSOLUTE 1.9/1.8 FLEX DUALOGIC 4P,FIAT,2015,59000,R$ 33.990
GM - CHEVROLET ONIX HATCH LTZ 1.4 8V FLEXPOWER 5P AUT.,GM - CHEVROLET,2017,79000,R$ 47.900
FORD FOCUS 1.6 S/1.6 SE FLEX 16V 5P AUT,FORD,2015,66000,R$ 49.900
FIAT BRAVO SPORTING 1.8 DUALOGIC FLEX 16V 5P,FIAT,2016,47000,R$ 50.900
RENAULT DUSTER TECHROAD 2.0 HI-FLEX 16V AUT.,RENAULT,2014,47000,R$ 45.000
HYUNDAI TUCSON 2.0 16V FLEX AUT.,HYUNDAI,2016,58000,R$ 53.900
GM - CHEVROLET ONIX HATCH LTZ 1.4 8V FLEXPOWER 5P AUT.,GM - CHEVROLET,2015,69000,R$ 45.500
VW - VOLKSWAGEN GOL 1.0 TREND/ POWER 8V 4P,VW - VOLKSWAGEN,2015,20000,R$ 32.000
GM - CHEVROLET COBALT,GM - CHEVROLET,2016,69000,R$ 46.000
HYUNDAI TUCSON,HYUNDAI,2016,54000,R$ 54.900
FORD ECOSPORT FREESTYLE 2.0 16V FLEX 5P AUT.,FORD,2015,68000,R$ 53.900
FORD FOCUS SEDAN 2.0 16V/2.0 16V FLEX 4P,FORD,2014,113,R$ 43.900
VW - VOLKSWAGEN SPACEFOX  TREND I MOTION 1.6 T. FLEX 8V,VW - VOLKSWAGEN,2014,78337,R$ 32.500
GM - CHEVROLET COBALT LT 1.8 8V ECONO.FLEX 4P AUT.,GM - CHEVROLET,2015,57000,R$ 38.500
HYUNDAI HB20 C.STYLE/C.PLUS 1.6 FLEX 16V AUT.,HYUNDAI,2015,35000,R$ 43.500
CITROEN AIRCROSS SHINE 1.6 FLEX 16V 5P AUT.,CITROEN,2017,41000,R$ 53.900
TOYOTA ETIOS XS 1.5 FLEX 16V 5P AUT.,TOYOTA,2018,75000,R$ 45.900
HONDA FIT EXL 1.5 FLEX/FLEXONE 16V 5P AUT,HONDA,2016,777,R$ 50.000
PEUGEOT 408 SEDAN ALLURE 2.0 FLEX 16V 4P AUT.,PEUGEOT,2016,48000,R$ 48.900
GM - CHEVROLET SPIN ACTIV 1.8 8V ECONO. FLEX 5P AUT.,GM - CHEVROLET,2016,59000,R$ 50.900
PEUGEOT 2008 ALLURE 1.6 FLEX 16V 5P AUT.,PEUGEOT,2017,80000,R$ 50.000
CITROEN AIRCROSS SHINE 1.6 FLEX 16V 5P AUT.,CITROEN,2016,22000,R$ 49.000
FORD FOCUS 2.0 16V/ 2.0 16V FLEX 5P,FORD,2015,55000,R$ 49.000
HYUNDAI HB20 C./C.PLUS/C.STYLE 1.6 FLEX 16V MEC.,HYUNDAI,2015,38250,R$ 39.000
,,,,
RENAULT SANDERO EXPRESSION HI-FLEX 1.6 8V 5P,RENAULT,2016,25000,R$ 28.000
HYUNDAI HB20S C.STYLE/C.PLUS1.6 FLEX 16V AUT. 4P,HYUNDAI,2019,17000,R$ 35.000
FORD FOCUS SEDAN 2.0 16V/2.0 16V FLEX 4P AUT.,FORD,2014,80000,R$ 49.000
FIAT PUNTO ESSENCE SP DUALOGIC 1.6 FLEX 16V,FIAT,2016,75000,R$ 40.000
PEUGEOT 408 SEDAN ALLURE 2.0 FLEX 16V 4P AUT.,PEUGEOT,2014,76000,R$ 33.500
HYUNDAI 2.0 MPFI GLS 16V 143CV 2WD FLEX 4P AUT,HYUNDAI,2015,65700,R$ 47.000
FORD FIESTA SEL 1.6 16V FLEX  AUT. 5P,FORD,2017,45000,R$ 42.500
CITROEN C3 EXCL. 1.6 VTI FLEX START 16V 5P AUT.,CITROEN,2014,0,R$ 36.000
TOYOTA ETIOS PLATINUM 1.5 FLEX 16V 4P AUT.,TOYOTA,2019,67,R$ 52.800
VW - VOLKSWAGEN VOYAGE I MOTION 1.6 MI TOTAL FLEX 8V,VW - VOLKSWAGEN,2014,78000,R$ 35.900
RENAULT SANDERO,RENAULT,2014,80000,R$ 39.900
PEUGEOT 2008 GRIFFE 1.6 FLEX 16V 5P AUT.,PEUGEOT,2016,80000,R$ 50.000
GM - CHEVROLET CELTA SPIRIT/ LT 1.0 MPFI 8V FLEXP. 5P,GM - CHEVROLET,2014,50050,R$ 22.000
GM - CHEVROLET ONIX HATCH LTZ 1.4 8V FLEXPOWER 5P AUT.,GM - CHEVROLET,2015,72803,R$ 48.900
HYUNDAI HB20 C.STYLE/C.PLUS 1.6 FLEX 16V AUT.,HYUNDAI,2017,37000,R$ 52.900
HONDA FIT EX/S/EX 1.5 FLEX/FLEXONE 16V 5P AUT.,HONDA,2015,53798,R$ 54.900
FORD FOCUS FASTBACK SE/SE PLUS 2.0 FLEX AUT.,FORD,2016,78000,R$ 52.000
CITROEN C3 GLX 1.6 FLEX 16V 5P  AUT.,CITROEN,2016,56700,R$ 44.900
FORD FIESTA TIT./TIT.PLUS 1.6 16V FLEX AUT.,FORD,2014,70000,R$ 42.500
FORD FOCUS TITA/TITA PLUS 2.0  FLEX 5P AUT.,FORD,2015,70000,R$ 52.000
TOYOTA ETIOS READY! 1.5 FLEX 16V 5P AUT.,TOYOTA,2017,65000,R$ 49.900
CITROEN C4 LOUNGE EXCLUSIVE 2.0 FLEX 4P AUT.,CITROEN,2015,63537,R$ 49.900
RENAULT SANDERO STEP. EASY R H-POWER 1.6 8V,RENAULT,2015,55807,R$ 37.000
VW - VOLKSWAGEN FOX PRIME/HGHI. IMOTION 1.6 T.FLEX 8V 5P,VW - VOLKSWAGEN,2015,60000,R$ 40.900
GM - CHEVROLET CRUZE LT 1.8 16V FLEXPOWER 4P AUT.,GM - CHEVROLET,2015,80000,R$ 54.000
VW - VOLKSWAGEN POLO HIGHLINE 200 TSI 1.0 FLEX 12V AUT.,VW - VOLKSWAGEN,2019,0,R$ 54.000
FORD KA 1.5 SE 12V FLEX 5P AUT.,FORD,2019,48000,R$ 54.000
RENAULT SANDERO STEP. EASY R H-POWER 1.6 8V,RENAULT,2018,34177,R$ 52.990
GM - CHEVROLET ONIX HATCH LS 1.0 8V FLEXPOWER 5P MEC.,GM - CHEVROLET,2015,54223,R$ 30.000
FORD KA 1.5 16V FLEX 5P,FORD,2018,42000,R$ 31.000
HYUNDAI I30 1.8 16V AUT. 5P,HYUNDAI,2018,40000,R$ 35.000
FORD FIESTA SED. TI./TI.PLUS1.6 16V FLEX AUT.,FORD,2014,80000,R$ 40.000
HYUNDAI HB20 COMFORT STYLE 1.0 TB FLEX 12V MEC.,HYUNDAI,2017,39000,R$ 31.900
RENAULT DUSTER DYNAMIQUE 2.0  HI-FLEX 16V AUT.,RENAULT,2014,56000,R$ 45.900
GM - CHEVROLET ONIX HATCH ACTIV 1.4 8V FLEX 5P AUT.,GM - CHEVROLET,2019,53214,R$ 51.000
PEUGEOT 2008 ALLURE 1.6 FLEX 16V 5P AUT.,PEUGEOT,2015,19961,R$ 54.000
PEUGEOT 208 GRIFFE 1.6 FLEX 16V 5P AUT.,PEUGEOT,2015,100,R$ 39.000
FIAT PUNTO BLACKMOTION DUAL. 1.8 FLEX 16V 5P,FIAT,2014,75000,R$ 36.785
GM - CHEVROLET PRISMA,GM - CHEVROLET,2018,65000,R$ 51.000
GM - CHEVROLET PRISMA SED. LT 1.4 8V FLEXPOWER 4P,GM - CHEVROLET,2015,68000,R$ 43.000
HONDA CITY SEDAN LX 1.5 FLEX 16V 4P AUT.,HONDA,2016,74000,R$ 50.000
FIAT BRAVO SPORTING 1.8 DUALOGIC FLEX 16V 5P,FIAT,2016,51000,R$ 44.900
FIAT PUNTO ESSENCE DUALOGIC 1.6 FLEX 16V 5P,FIAT,2015,75000,R$ 35.000
FORD ECOSPORT FREESTYLE 2.0 16V 4WD FLEX 5P,FORD,2014,33000,R$ 50.000
RENAULT SANDERO STEPWAY HI-POWER 1.6 8V 5P,RENAULT,2015,70,R$ 37.000
NISSAN LIVINA X-GEAR SL/X-GEAR 1.8 FLEX F. AUT.,NISSAN,2014,14500,R$ 29.000
FORD FOCUS 2.0 16V/SE/SE PLUS FLEX 5P AUT.,FORD,2015,60700,R$ 48.900
GM - CHEVROLET COBALT LTZ 1.8 8V ECONO.FLEX 4P AUT.,GM - CHEVROLET,2015,70000,R$ 39.900
FIAT MOBI DRIVE GSR 1.0 FLEX 6V 5P,FIAT,2018,27249,R$ 40.000
FORD FOCUS 2.0 16V/SE/SE PLUS FLEX 5P AUT.,FORD,2016,65000,R$ 55.000
NISSAN SENTRA SL 2.0/ 2.0 FLEX FUEL 16V AUT.,NISSAN,2014,75000,R$ 44.900
HYUNDAI HB20 PREMIUM 1.6 FLEX 16V AUT.,HYUNDAI,2015,100,R$ 46.900
GM - CHEVROLET SPIN LTZ 1.8 8V ECONO.FLEX 5P AUT.,GM - CHEVROLET,2016,68000,R$ 50.000
GM - CHEVROLET SPIN ADVANTAGE 1.8 8V ECONO.FLEX 5P AUT.,GM - CHEVROLET,2017,51900,R$ 51.900
FIAT SIENA ESSENCE 1.6 FLEX 16V 4P,FIAT,2014,0,R$ 33.900
NISSAN KICKS,NISSAN,2021,0,R$ 0
VW - VOLKSWAGEN CROSSFOX  I MOTION 1.6 T. FLEX 16V 5P,VW - VOLKSWAGEN,2016,61500,R$ 51.900
NISSAN VERSA UNIQUE 1.6 16V FLEXSTART 4P AUT.,NISSAN,2018,75000,R$ 52.900
GM - CHEVROLET ONIX HATCH LTZ 1.4 8V FLEXPOWER 5P AUT.,GM - CHEVROLET,2017,55328,R$ 54.500
FIAT SIENA ESSENCE DUALOGIC 1.6 FLEX 16V 4P,FIAT,2016,53000,R$ 40.000
CITROEN AIRCROSS TENDANCE 1.6 FLEX 16V 5P AUT.,CITROEN,2015,60000,R$ 42.000
GM - CHEVROLET SPIN ADVANTAGE 1.8 8V ECONO.FLEX 5P AUT.,GM - CHEVROLET,2018,71000,R$ 52.000
FORD FOCUS SEDAN 2.0 16V/2.0 16V FLEX 4P AUT.,FORD,2014,22242,R$ 50.000
,,,,
GM - CHEVROLET CAPTIVA,GM - CHEVROLET,2014,66000,R$ 48.000
GM - CHEVROLET COBALT LTZ 1.8 8V ECONO.FLEX 4P AUT.,GM - CHEVROLET,2015,60735,R$ 43.000
HYUNDAI HB20 PREMIUM 1.6 FLEX 16V AUT.,HYUNDAI,2015,78000,R$ 43.000
PEUGEOT 408 SEDAN GRIFFE 1.6 TURBO 16V 4P AUT.,PEUGEOT,2014,88,R$ 44.900
RENAULT DUSTER TECHROAD 2.0 HI-FLEX 16V AUT.,RENAULT,2014,67000,R$ 42.300
FORD FIESTA SEL 1.0 12V ECOBOOST AUT. 5P,FORD,2017,27000,R$ 49.000
GM - CHEVROLET COBALT LTZ 1.8 8V ECONO.FLEX 4P AUT.,GM - CHEVROLET,2015,47000,R$ 42.800
HYUNDAI CRETA PRESTIGE 2.0 16V FLEX AUT.,HYUNDAI,2017,39000,R$ 42.000
PEUGEOT 308 ALLURE 2.0 FLEX 16V 5P AUT.,PEUGEOT,2016,46000,R$ 52.900
KIA MOTORS CERATO 1.6 16V AUT.,KIA MOTORS,2014,999,R$ 54.900
HYUNDAI TUCSON 2.0 16V FLEX AUT.,HYUNDAI,2016,67000,R$ 49.500
MITSUBISHI LANCER,MITSUBISHI,2015,74000,R$ 54.990
GM - CHEVROLET CRUZE LT 1.8 16V FLEXPOWER 4P AUT.,GM - CHEVROLET,2014,74000,R$ 52.900
RENAULT FLUENCE SED. DYNAMIQUE 2.0 16V FLEX AUT.,RENAULT,2016,51000,R$ 52.500
CITROEN C3 PICASSO GLX 1.6 FLEX 16V 5P AUT.,CITROEN,2014,72000,R$ 33.900
PEUGEOT 2008 ALLURE 1.6 FLEX 16V 5P AUT.,PEUGEOT,2016,51000,R$ 48.000
FORD FOCUS SEDAN 2.0 16V/2.0 16V FLEX 4P AUT.,FORD,2014,69800,R$ 43.000
RENAULT SANDERO STEPWAY HI-POWER 1.6 8V 5P,RENAULT,2016,37000,R$ 46.900
FORD ECOSPORT TITANIUM 2.0 16V FLEX 5P AUT.,FORD,2015,78000,R$ 53.900
FORD ECOSPORT TITANIUM 2.0 16V FLEX 5P AUT.,FORD,2014,50000,R$ 51.890
HONDA FIT EX/S/EX 1.5 FLEX/FLEXONE 16V 5P AUT.,HONDA,2016,60000,R$ 53.000
FORD FOCUS FASTBACK SE/SE PLUS 2.0 FLEX AUT.,FORD,2016,56000,R$ 54.000
TOYOTA ETIOS X 1.3 FLEX 16V 5P AUT.,TOYOTA,2018,68000,R$ 47.990
FORD FOCUS 1.6 S/SE/SE PLUS FLEX 8V/16V  5P,FORD,2016,78000,R$ 53.490
HYUNDAI TUCSON 2.0 16V AUT.,HYUNDAI,2017,53000,R$ 50.000
HYUNDAI 2.0 MPFI GLS 16V 143CV 2WD FLEX 4P AUT,HYUNDAI,2016,70000,R$ 49.900
FORD FOCUS 1.6 S/1.6 SE FLEX 16V 5P AUT,FORD,2015,48000,R$ 54.000
PEUGEOT 408 SED. BUS. PRO 1.6 TB FLEX AUT.(PCD),PEUGEOT,2018,29500,R$ 54.800
FIAT STRADA TREKKING 1.6 16V FLEX CD,FIAT,2015,1,R$ 49.900
PEUGEOT 208 GRIFFE 1.6 FLEX 16V 5P AUT.,PEUGEOT,2017,67000,R$ 48.990
CITROEN C4 LOUNGE TENDANCE 1.6 TURBO 4P AUT,CITROEN,2015,79000,R$ 43.500
FORD FIESTA 1.6 16V FLEX AUT. 5P,FORD,2018,20000,R$ 51.000
VW - VOLKSWAGEN CROSSFOX I MOTION 1.6 MI T. FLEX 8V 5P,VW - VOLKSWAGEN,2015,50000,R$ 43.999
HYUNDAI HB20 C.STYLE/C.PLUS 1.6 FLEX 16V AUT.,HYUNDAI,2015,60000,R$ 47.400
FORD FIESTA SEL 1.6 16V FLEX  AUT. 5P,FORD,2018,24000,R$ 54.900
FIAT STRADA ADV.1.8 16V LOCKER DUALO. FLEX CD,FIAT,2014,80000,R$ 53.900
CITROEN AIRCROSS SHINE 1.6 FLEX 16V 5P AUT.,CITROEN,2016,63000,R$ 51.900
HYUNDAI HB20 C.STYLE/C.PLUS 1.6 FLEX 16V AUT.,HYUNDAI,2015,61000,R$ 46.900
FIAT GRAND SIENA ESSEN.SUBLIME DUAL. 1.6 FLEX,FIAT,2014,110,R$ 38.000
TOYOTA ETIOS XLS SEDAN 1.5 FLEX 16V 4P AUT.,TOYOTA,2019,53000,R$ 54.000
CITROEN C3 EXCL./EXCL.SOLAR./SONORA 1.6 FLEX AUT,CITROEN,2014,100,R$ 37.900
FORD FIESTA TIT./TIT.PLUS 1.6 16V FLEX AUT.,FORD,2015,69000,R$ 52.900
PEUGEOT 308 ALLURE 2.0 FLEX 16V 5P AUT.,PEUGEOT,2015,68000,R$ 42.000
FORD ECOSPORT SE 1.6 16V FLEX 5P AUT.,FORD,2016,52000,R$ 49.000
FORD FOCUS TITA/TITA PLUS 2.0  FLEX 5P AUT.,FORD,2014,0,R$ 52.900
FORD FOCUS 2.0 16V/SE/SE PLUS FLEX 5P AUT.,FORD,2014,1,R$ 44.000
CITROEN C3 PICASSO GLX 1.6 FLEX 16V 5P AUT.,CITROEN,2015,55000,R$ 35.900
GM - CHEVROLET SPIN LT 1.8 8V ECONO.FLEX 5P AUT.,GM - CHEVROLET,2015,65000,R$ 39.900
FORD FIESTA TIT./TIT.PLUS 1.6 16V FLEX AUT.,FORD,2015,0,R$ 43.900
GM - CHEVROLET ONIX HATCH SELECAO 1.0 8V FLEX 5P MEC.,GM - CHEVROLET,2019,38000,R$ 39.000
FIAT GRAND SIENA ESSEN.SUBLIME DUAL. 1.6 FLEX,FIAT,2016,52000,R$ 35.800
GM - CHEVROLET PRISMA SED. LT 1.4 8V FLEXPOWER 4P,GM - CHEVROLET,2016,42900,R$ 42.900
FORD KA 1.5 SE PLUS 12V FLEX 5P AUT.,FORD,2019,15000,R$ 53.500
HYUNDAI HB20 COMF./C.PLUS/C.STYLE 1.0 FLEX 12V,HYUNDAI,2015,69000,R$ 42.990
HONDA FIT LX 1.5 FLEXONE 16V 5P AUT.,HONDA,2015,57000,R$ 51.250
HYUNDAI TUCSON 2.0 16V FLEX AUT.,HYUNDAI,2014,68000,R$ 47.900
FORD FOCUS 1.6 S/SE/SE PLUS FLEX 8V/16V  5P,FORD,2015,0,R$ 48.900
FIAT LINEA ABSOLUTE 1.9/1.8 FLEX DUALOGIC 4P,FIAT,2015,75000,R$ 39.900
HYUNDAI HB20S  IMPRESS 1.6 FLEX 16V AUT.,HYUNDAI,2015,51,R$ 43.900
FORD ECOSPORT FREESTYLE 2.0 16V FLEX 5P AUT.,FORD,2015,74000,R$ 55.000
CITROEN C4 LOUNGE TENDANCE 1.6 TURBO FLEX AUT.,CITROEN,2015,71000,R$ 50.000
RENAULT FLUENCE SED. DYN. PLUS 2.0 16V FLEX AUT.,RENAULT,2016,60000,R$ 46.000
PEUGEOT 3008 GRIFFE 1.6 TURBO 16V 5P AUT.,PEUGEOT,2014,60000,R$ 45.000
GM - CHEVROLET PRISMA SED. LT 1.4 8V FLEXPOWER 4P AUT.,GM - CHEVROLET,2017,50000,R$ 53.900
GM - CHEVROLET CRUZE LT 1.8 16V FLEXPOWER 4P AUT.,GM - CHEVROLET,2014,106,R$ 46.000
GM - CHEVROLET SONIC HB LTZ 1.6 16V FLEXPOWER 5P AUT.,GM - CHEVROLET,2014,56000,R$ 39.990
FORD FIESTA TIT./TIT.PLUS 1.6 16V FLEX AUT.,FORD,2014,60000,R$ 38.500
GM - CHEVROLET COBALT LTZ 1.8 8V ECONO.FLEX 4P AUT.,GM - CHEVROLET,2018,62000,R$ 52.000
CITROEN C3 EXCL. 1.6 VTI FLEX START 16V 5P AUT.,CITROEN,2018,21000,R$ 55.000
FORD ECOSPORT TITANIUM 2.0 16V FLEX 5P AUT.,FORD,2015,1,R$ 54.900
HONDA FIT LX 1.4/ 1.4 FLEX 8V/16V 5P AUT.,HONDA,2014,62000,R$ 41.800
,,2016,67,R$ 44.000
CITROEN AIRCROSS GLX ATACAMA 1.6 FLEX 16V 5P AUT,CITROEN,2014,67000,R$ 37.500
FIAT IDEA ESSENCE DUALOGIC 1.6 FLEX 16V 5P,FIAT,2014,72000,R$ 31.000
CITROEN AIRCROSS,CITROEN,2017,51758,R$ 49.000
VW - VOLKSWAGEN SPACEFOX COMF. I MOTION 1.6 FLEX 8V 5P,VW - VOLKSWAGEN,2018,32000,R$ 54.900
HYUNDAI HB20X PREMIUM 1.6 FLEX 16V AUT.,HYUNDAI,2014,999,R$ 46.900
PEUGEOT 2008 ALLURE 1.6 FLEX 16V 5P AUT.,PEUGEOT,2018,51500,R$ 51.000
GM - CHEVROLET COBALT ELITE 1.8 8V ECONO.FLEX 4P AUT.,GM - CHEVROLET,2016,45000,R$ 54.000
GM - CHEVROLET S10 BLAZER  DTI 2.8 4X2 TURBO DIESEL,GM - CHEVROLET,2020,42197,R$ 30.000
HYUNDAI TUCSON 2.0 16V FLEX AUT.,HYUNDAI,2014,65000,R$ 45.000
PEUGEOT 208 GRIFFE 1.6 FLEX 16V 5P AUT.,PEUGEOT,2014,72000,R$ 37.000
HONDA CIVIC SEDAN LXR 2.0 FLEXONE 16V AUT. 4P,HONDA,2014,10,R$ 54.900
MITSUBISHI LANCER GT 2.0 16V 160CV AUT.,MITSUBISHI,2014,77000,R$ 45.000
PEUGEOT 308 FELINE/GRIFFE 1.6 TURBO 16V 5P AUT.,PEUGEOT,2014,31913,R$ 47.000
RENAULT LOGAN DYNA. EASYR HI-FLEX 1.6 8V,RENAULT,2017,79000,R$ 39.500
GM - CHEVROLET COBALT LT 1.8 8V ECONO.FLEX 4P MEC.,GM - CHEVROLET,2015,35000,R$ 39.000
TOYOTA ETIOS XS 1.5 FLEX 16V 5P AUT.,TOYOTA,2018,77000,R$ 48.900
HYUNDAI HB20S C.STYLE/C.PLUS1.6 FLEX 16V AUT. 4P,HYUNDAI,2014,175,R$ 41.500
GM - CHEVROLET CRUZE LT 1.8 16V FLEXPOWER 4P AUT.,GM - CHEVROLET,2015,72000,R$ 55.000
GM - CHEVROLET CRUZE LT 1.8 16V FLEXPOWER 4P AUT.,GM - CHEVROLET,2014,60000,R$ 53.900
FORD FOCUS 2.0 16V/SE/SE PLUS FLEX 5P AUT.,FORD,2016,56000,R$ 54.500
HYUNDAI I30 1.8 16V AUT. 5P,HYUNDAI,2016,35000,R$ 52.800
CITROEN C4 LOUNGE TENDANCE 2.0 FLEX 4P AUT.,CITROEN,2016,56000,R$ 45.900
FORD FOCUS 1.6 S/1.6 SE FLEX 16V 5P AUT,FORD,2014,65000,R$ 46.000
FORD ECOSPORT TITANIUM 2.0 16V FLEX 5P AUT.,FORD,2014,118,R$ 49.900
PEUGEOT 2008 GRIFFE 1.6 FLEX 16V 5P AUT.,PEUGEOT,2016,65000,R$ 55.000
CITROEN C3 EXCL. 1.6 VTI FLEX START 16V 5P AUT.,CITROEN,2015,75000,R$ 42.000
HONDA FIT LX 1.5 FLEXONE 16V 5P AUT.,HONDA,2015,70000,R$ 53.500
CITROEN C4 TENDANCE 2.0 FLEX 16V 5P AUT.,CITROEN,2014,69000,R$ 41.900
FORD SE 1.6 POWERSHIFT AUT.,FORD,2016,34200,R$ 43.990
FORD CLUB WAGON XLT 4.9 V6,FORD,2020,2,R$ 6.500
HYUNDAI TUCSON 2.0 16V FLEX AUT.,HYUNDAI,2016,79000,R$ 49.800
CITROEN AIRCROSS SHINE 1.6 FLEX 16V 5P AUT.,CITROEN,2017,59000,R$ 51.900
PEUGEOT 2008 GRIFFE 1.6 FLEX 16V 5P AUT.,PEUGEOT,2016,70000,R$ 49.900
GM - CHEVROLET SPIN ADVANTAGE 1.8 8V ECONO.FLEX 5P AUT.,GM - CHEVROLET,2014,78800,R$ 39.800
MITSUBISHI LANCER GT 2.0 16V 160CV AUT.,MITSUBISHI,2015,62000,R$ 46.000
HYUNDAI HB20X STYLE 1.6 FLEX 16V AUT.,HYUNDAI,2015,80000,R$ 47.000
GM - CHEVROLET SPIN LT 1.8 8V ECONO.FLEX 5P AUT.,GM - CHEVROLET,2014,100,R$ 42.000
,JEEP,2015,4000,R$ 49.900
PEUGEOT 408 SEDAN ALLURE 2.0 FLEX 16V 4P AUT.,PEUGEOT,2014,75000,R$ 33.000
HYUNDAI 2.0 MPFI GLS 16V 143CV 2WD FLEX 4P AUT,HYUNDAI,2015,64900,R$ 48.000
CITROEN AIRCROSS TENDANCE 1.6 FLEX 16V 5P AUT.,CITROEN,2015,54000,R$ 37.900
GM - CHEVROLET PRISMA SED. ADVANT. 1.4 8V F.POWER AUT.,GM - CHEVROLET,2016,70450,R$ 46.000
GM - CHEVROLET PRISMA SED. LT 1.4 8V FLEXPOWER 4P AUT.,GM - CHEVROLET,2018,52000,R$ 54.900
NISSAN ALTIMA SL 2.5 16V 4P AUT.,NISSAN,2014,103,R$ 52.000
FORD FOCUS TITA/TITA PLUS 2.0  FLEX 5P AUT.,FORD,2015,67000,R$ 54.500
FORD FOCUS 2.0 16V/SE/SE PLUS FLEX 5P AUT.,FORD,2014,0,R$ 48.000
FIAT BRAVO SPORTING 1.8 FLEX 16V 5P,FIAT,2016,49000,R$ 49.900
HYUNDAI ELANTRA GLS 2.0 16V AUT.,HYUNDAI,2014,190,R$ 50.000
TOYOTA HILUX CD SRV 4X4 2.8 TDI DIESEL AUT.,TOYOTA,2021,300,R$ 0
GM - CHEVROLET SPIN ADVANTAGE 1.8 8V ECONO.FLEX 5P AUT.,GM - CHEVROLET,2014,76000,R$ 41.990
RENAULT FLUENCE SEDAN PRIVILÈGE 2.0 16V FLEX AUT,RENAULT,2017,51000,R$ 47.000
GM - CHEVROLET SPIN ADVANTAGE 1.8 8V ECONO.FLEX 5P AUT.,GM - CHEVROLET,2014,31311,R$ 37.900
CITROEN C4 GLX 2.0 FLEX 16V 5P AUT.,CITROEN,2014,1,R$ 28.000
PEUGEOT 408 SEDAN GRIFFE 1.6 TURBO 16V 4P AUT.,PEUGEOT,2014,70500,R$ 42.000
FIAT MOBI DRIVE 1.0 FLEX 6V 5P,FIAT,2019,55556,R$ 35.262
FORD FOCUS 1.6 S/1.6 SE FLEX 16V 5P AUT,FORD,2016,40000,R$ 55.000
FIAT FREEMONT 2.4 16V 5P AUT.,FIAT,2014,75,R$ 51.180
FORD FOCUS 1.6 S/1.6 SE FLEX 16V 5P AUT,FORD,2014,62000,R$ 47.900
FIAT UNO SPORTING DUAL./GSR 1.3 FLEX 8V 5P,FIAT,2017,29400,R$ 39.900
FORD FOCUS FASTBACK TIT./T.PLUS 2.0 FLEX AUT.,FORD,2016,61000,R$ 54.000
PEUGEOT 308 ALLURE 2.0 FLEX 16V 5P AUT.,PEUGEOT,2014,66666,R$ 20.000
FORD 1.6 SE HATCH 16V FLEX 4P POWERSHIFT,FORD,2015,44000,R$ 40.900
PEUGEOT 208 ACTIVE PACK 1.6 FLEX 16V 5P AUT.,PEUGEOT,2015,63000,R$ 35.000
VW - VOLKSWAGEN POLO HIGHLINE 200 TSI 1.0 FLEX 12V AUT.,VW - VOLKSWAGEN,2018,55000,R$ 55.000
FORD TITANIUM 1.6 POWERSHIFT AUT.,FORD,2017,72000,R$ 53.900
GM - CHEVROLET AGILE LTZ EASYTRONIC 1.4 8V FLEXPOWER 5P,GM - CHEVROLET,2014,75300,R$ 32.788
PEUGEOT 308 ALLURE 2.0 FLEX 16V 5P AUT.,PEUGEOT,2016,47000,R$ 48.500
VW - VOLKSWAGEN UP! BLACK/WHITE/RED I MOTION 1.0 FLEX 5P,VW - VOLKSWAGEN,2015,62081,R$ 31.990
FORD ECOSPORT SE 1.6 16V FLEX 5P AUT.,FORD,2017,47000,R$ 54.000
CITROEN AIRCROSS SHINE 1.6 FLEX 16V 5P AUT.,CITROEN,2017,59000,R$ 51.900
GM - CHEVROLET SPIN ACTIV 1.8 8V ECONO. FLEX 5P AUT.,GM - CHEVROLET,2017,64000,R$ 55.000
FIAT IDEA ADV./ ADV.LOCK.DUALOGIC 1.8 FLEX 5P,FIAT,2014,76260,R$ 33.000
RENAULT FLUENCE SEDAN PRIVILÈGE 2.0 16V FLEX AUT,RENAULT,2014,1,R$ 44.990
GM - CHEVROLET CRUZE HB SPORT LT 1.8 16V FLEXP. 5P AUT,GM - CHEVROLET,2014,75000,R$ 49.900
GM - CHEVROLET CRUZE LT 1.8 16V FLEXPOWER 4P AUT.,GM - CHEVROLET,2014,69,R$ 52.900
DODGE JOURNEY SXT 3.6 V6 AUT.,DODGE,2014,39000,R$ 50.000
GM - CHEVROLET PRISMA SED. LT 1.0 8V FLEXPOWER 4P,GM - CHEVROLET,2015,30000,R$ 50.000
JEEP RENEGADE LIM. EDIT. 1.8 4X2 FLEX 16V AUT,JEEP,2016,12000,R$ 40.000
GM - CHEVROLET SS10,GM - CHEVROLET,2015,49000,R$ 40.000
VW - VOLKSWAGEN GOL CITY 1.6 MI TOTAL FLEX 8V 4P,VW - VOLKSWAGEN,2016,7104,R$ 40.000
PEUGEOT 308 GRIFFE 1.6 TURBO FLEX 16V 5P AUT.,PEUGEOT,2015,24789,R$ 40.000
VW - VOLKSWAGEN GOLF COMFORTLINE 1.4 TSI 140CV AUT.,VW - VOLKSWAGEN,2015,30000,R$ 50.000
PEUGEOT 207 QUIKSILVER 1.4 FLEX 8V 3P,PEUGEOT,2014,40000,R$ 40.000
HONDA FIT PERSONAL 1.5 FLEXONE 16V 5P AUT.,HONDA,2015,30000,R$ 40.000
HONDA HR-V LX 1.8 FLEXONE 16V 5P AUT.,HONDA,2018,14578,R$ 20.000
CITROEN AIRCROSS EXCLUSIVE 1.6 FLEX 16V 5P AUT.,CITROEN,2015,0,R$ 42.900
HONDA FIT EXL 1.5 FLEX/FLEXONE 16V 5P AUT,HONDA,2015,49500,R$ 49.500
NISSAN VERSA UNIQUE 1.6 16V FLEXSTART 4P AUT.,NISSAN,2017,60000,R$ 53.900
RENAULT KWID 1.0 LIFE,RENAULT,2018,40000,R$ 50.000
HYUNDAI HB20 COMFORT PLUS 1.0 TB FLEX 12V MEC.,HYUNDAI,2016,30000,R$ 50.000
GM - CHEVROLET CAPTIVA SPORT FWD 2.4 16V 171/185CV,GM - CHEVROLET,2014,105,R$ 51.900
FIAT GRAND SIENA ESSENCE 1.6 FLEX 16V,FIAT,2016,38000,R$ 49.900
HYUNDAI HB20 C./C.PLUS/C.STYLE 1.6 FLEX 16V MEC.,HYUNDAI,2017,1,R$ 45.000
FORD ECOSPORT SE 2.0 16V FLEX 5P AUT.,FORD,2015,80000,R$ 48.000
HYUNDAI 2.0 MPFI GLS 16V 143CV 2WD FLEX 4P AUT,HYUNDAI,2016,80000,R$ 48.900
FORD FOCUS TITA/TITA PLUS 2.0  FLEX 5P AUT.,FORD,2016,58000,R$ 51.000
HYUNDAI HB20X PREMIUM 1.6 FLEX 16V AUT.,HYUNDAI,2015,75000,R$ 49.900
CITROEN C3 PICASSO EXCL. 1.6 FLEX 16V 5P AUT.,CITROEN,2014,75000,R$ 32.900
PEUGEOT 2008 GRIFFE 1.6 FLEX 16V 5P AUT.,PEUGEOT,2016,61000,R$ 53.800
FORD FIESTA SEL 1.6 16V FLEX  AUT. 5P,FORD,2017,65000,R$ 52.900
CITROEN C4 PICASSO/PIC. LA LUNA 2.0 16V  AUT.,CITROEN,2014,73800,R$ 40.900
FORD FOCUS 2.0 16V/SE/SE PLUS FLEX 5P AUT.,FORD,2015,52000,R$ 46.900
PEUGEOT 408,PEUGEOT,2018,60000,R$ 54.990
VW - VOLKSWAGEN VOYAGE I MOTION COMF/HGHLI.1.6 T.FLEX 8V,VW - VOLKSWAGEN,2015,10,R$ 41.500
FORD FIESTA SEL 1.6 16V FLEX  AUT. 5P,FORD,2017,41000,R$ 50.900
FIAT GRAND SIENA ESSENCE DUAL. 1.6 FLEX 16V,FIAT,2015,75000,R$ 36.988
FORD FOCUS 2.0 16V/SE/SE PLUS FLEX 5P AUT.,FORD,2014,0,R$ 46.900
HYUNDAI TUCSON,HYUNDAI,2016,67000,R$ 52.990
CITROEN C3 ATTRACTION 1.6 FLEX 16V 5P AUT.,CITROEN,2018,64510,R$ 45.990
FIAT BRAVO ESSENCE DUALOGIC 1.8 FLEX 16V 5P,FIAT,2016,43000,R$ 43.900
FORD FOCUS 2.0 16V/SE/SE PLUS FLEX 5P AUT.,FORD,2014,0,R$ 45.900
GM - CHEVROLET CRUZE HB SPORT LT 1.8 16V FLEXP. 5P MEC,GM - CHEVROLET,2014,10000,R$ 48.900
FORD FIESTA 1.6 16V FLEX AUT. 5P,FORD,2016,65000,R$ 47.900
CITROEN C4,CITROEN,2014,49000,R$ 41.565
HONDA CITY SEDAN LX 1.5 FLEX 16V 4P AUT.,HONDA,2015,41400,R$ 51.000
CITROEN AIRCROSS EXCLUSIVE 1.6 FLEX 16V 5P AUT.,CITROEN,2014,59000,R$ 43.000
HONDA FIT LX 1.5 FLEXONE 16V 5P AUT.,HONDA,2015,73610,R$ 52.900
FORD FOCUS 2.0 16V/SE/SE PLUS FLEX 5P AUT.,FORD,2015,30506,R$ 54.900
HYUNDAI 1.6 OCEAN MANUAL,HYUNDAI,2014,0,R$ 41.900
HYUNDAI ELANTRA GLS 2.0 16V FLEX AUT.,HYUNDAI,2014,120,R$ 54.900
RENAULT SANDERO STEPWAY HI-FLEX 1.6 16V 5P AUT.,RENAULT,2016,53000,R$ 43.990
PEUGEOT 308 GRIFFE 1.6 TURBO FLEX 16V 5P AUT.,PEUGEOT,2014,39277,R$ 47.990
FIAT BRAVO ESSENCE DUALOGIC 1.8 FLEX 16V 5P,FIAT,2016,51902,R$ 46.990
